date,temp_max_f,temp_min_f,temp_mean_f,precip_in,wind_max_mph,humidity_mean,pressure_mean_hpa
2021-05-11,89.3,70.8,79.6,0.63,7.8,70.2,1009.1
2021-05-12,85.5,67.9,77.0,2.04,9.0,71.7,1015.1
2021-05-13,90.2,70.4,80.9,0.0,5.8,72.7,1017.8
2021-05-14,92.1,74.1,85.1,0.43,8.1,78.5,1015.1
2021-05-15,87.0,68.1,77.5,0.0,19.9,74.1,1022.6
2021-05-16,88.4,67.5,77.7,0.0,12.4,77.3,1015.0
2021-05-17,95.6,77.9,86.2,0.23,15.4,72.2,1013.7
2021-05-18,93.3,74.6,82.8,0.0,11.0,76.7,1011.1
2021-05-19,87.4,68.9,77.5,0.24,4.6,79.6,1020.5
2021-05-20,89.8,72.6,82.3,2.2,12.6,72.3,1010.7
2021-05-21,88.7,68.3,78.1,0.0,13.3,80.0,1013.8
2021-05-22,85.6,70.1,78.3,0.64,7.6,76.5,1010.6
2021-05-23,90.9,74.2,81.8,0.0,12.9,81.7,1012.4
2021-05-24,79.9,62.8,72.3,0.0,11.8,75.6,1012.1
2021-05-25,80.5,65.9,73.4,0.0,16.4,78.7,1012.9
2021-05-26,87.6,69.6,78.9,2.13,9.3,76.8,1006.5
2021-05-27,85.3,67.4,77.1,0.88,6.6,76.7,1008.9
2021-05-28,92.3,73.6,83.4,0.0,7.6,78.6,1022.8
2021-05-29,87.4,68.1,78.1,0.07,16.7,80.1,1014.9
2021-05-30,83.3,65.6,76.1,0.66,3.7,71.4,1015.7
2021-05-31,96.8,80.3,89.3,1.8,2.7,84.9,1016.7
2021-06-01,91.1,72.0,81.9,1.0,11.4,68.6,1019.3
2021-06-02,91.8,74.0,83.4,1.87,9.2,74.7,1004.9
2021-06-03,86.9,69.2,76.9,0.0,9.0,77.8,1010.1
2021-06-04,90.7,74.0,81.1,0.0,12.8,80.5,1011.8
2021-06-05,94.7,76.2,84.3,0.01,8.8,86.4,1010.1
2021-06-06,88.6,70.1,78.8,0.38,3.5,69.4,1010.8
2021-06-07,94.6,76.5,85.9,1.26,19.2,76.3,1010.2
2021-06-08,91.4,71.3,81.7,0.0,5.0,68.3,1015.9
2021-06-09,91.4,75.5,83.3,0.37,6.8,79.3,1012.1
2021-06-10,90.4,74.6,82.1,0.0,13.4,80.6,1012.1
2021-06-11,103.5,82.5,93.4,0.57,9.5,87.3,1003.3
2021-06-12,94.0,77.7,85.2,0.0,8.7,80.1,1011.0
2021-06-13,90.9,71.7,80.7,0.28,12.9,84.8,1009.8
2021-06-14,99.6,80.0,89.3,0.0,13.3,82.7,1014.0
2021-06-15,90.7,71.1,80.3,0.23,9.7,77.7,1007.5
2021-06-16,97.6,79.6,86.9,0.0,15.1,72.9,1013.0
2021-06-17,86.0,70.1,77.3,0.23,2.5,81.5,1007.5
2021-06-18,88.6,72.9,80.3,0.0,12.0,72.7,1014.5
2021-06-19,96.7,78.0,87.3,0.0,5.6,86.8,1010.7
2021-06-20,98.4,80.8,89.9,0.4,16.5,79.6,1008.6
2021-06-21,96.9,79.6,87.5,0.0,9.6,86.5,1009.8
2021-06-22,96.2,76.8,86.4,0.23,8.3,78.2,1011.4
2021-06-23,95.4,75.4,85.7,0.45,13.7,82.0,1008.5
2021-06-24,89.0,73.4,80.5,0.47,14.6,81.8,1015.6
2021-06-25,91.7,75.1,84.1,0.01,13.6,80.7,1013.6
2021-06-26,94.1,75.6,85.4,0.0,4.9,78.8,1014.7
2021-06-27,99.9,84.3,92.3,0.0,7.1,83.0,1011.8
2021-06-28,99.8,81.0,89.2,2.96,11.0,76.5,1013.5
2021-06-29,88.3,70.4,79.9,2.34,10.8,75.2,1014.8
2021-06-30,97.0,78.8,89.4,0.0,12.0,87.5,1015.6
2021-07-01,93.4,76.0,86.3,0.0,0.9,85.0,1021.4
2021-07-02,94.7,75.7,85.1,1.11,12.3,81.7,1013.8
2021-07-03,100.5,81.0,91.0,0.0,7.8,89.8,1018.7
2021-07-04,101.3,84.5,92.9,1.09,7.6,80.2,1012.5
2021-07-05,99.9,83.0,92.6,0.05,8.0,88.2,1014.7
2021-07-06,93.3,75.8,84.7,0.0,8.1,82.5,1011.8
2021-07-07,95.4,79.4,87.1,0.64,7.4,76.6,1010.2
2021-07-08,99.8,80.3,90.1,0.84,8.2,91.0,1013.4
2021-07-09,102.5,83.8,93.1,2.3,7.5,86.7,1013.4
2021-07-10,95.0,78.1,86.6,0.0,11.1,81.2,1017.0
2021-07-11,95.8,77.3,87.9,0.0,5.8,85.5,1019.4
2021-07-12,94.8,76.8,83.8,0.25,10.1,79.9,1006.3
2021-07-13,92.3,75.2,83.5,0.53,17.2,86.1,1008.1
2021-07-14,102.3,85.3,92.6,0.4,15.0,70.0,1012.9
2021-07-15,102.6,85.0,95.0,0.54,14.6,76.9,1009.1
2021-07-16,97.6,78.8,88.6,0.17,9.0,86.9,1025.5
2021-07-17,100.6,85.2,93.5,0.0,11.2,80.7,1017.1
2021-07-18,99.6,80.9,90.6,1.7,10.1,83.0,1011.7
2021-07-19,96.9,77.5,86.1,0.61,10.2,75.3,1009.9
2021-07-20,99.2,80.6,90.6,0.71,12.6,91.2,1010.1
2021-07-21,103.1,87.1,95.9,1.98,8.6,88.0,1012.1
2021-07-22,96.0,80.2,88.8,0.0,15.0,81.0,1015.4
2021-07-23,104.6,85.3,96.0,0.71,10.4,80.0,1010.2
2021-07-24,84.8,69.2,77.2,0.31,13.5,87.1,1010.9
2021-07-25,99.7,85.2,92.6,2.27,16.8,91.9,1017.4
2021-07-26,99.3,80.0,89.3,0.9,15.1,86.7,1017.5
2021-07-27,96.4,76.7,87.5,0.26,5.4,92.8,1013.0
2021-07-28,97.4,80.7,89.3,0.33,12.8,77.3,1006.6
2021-07-29,90.5,72.6,79.9,1.71,14.4,77.8,1014.2
2021-07-30,95.2,79.4,87.8,0.05,14.6,75.9,1018.2
2021-07-31,101.1,81.3,90.3,5.08,6.5,84.0,1017.5
2021-08-01,103.5,87.6,95.3,0.15,8.4,82.6,1014.9
2021-08-02,96.8,76.6,86.2,0.0,13.0,81.0,1020.7
2021-08-03,94.3,73.9,84.9,0.53,8.0,85.7,1012.2
2021-08-04,96.5,77.4,86.2,0.71,9.8,87.8,1014.5
2021-08-05,103.4,84.0,92.5,2.23,17.3,73.9,1009.3
2021-08-06,97.9,81.1,89.7,0.56,10.8,78.5,1013.2
2021-08-07,96.6,78.3,85.8,0.0,6.1,85.5,1020.3
2021-08-08,98.9,79.9,90.4,0.05,7.5,79.0,1009.6
2021-08-09,97.0,79.8,88.4,0.0,10.3,77.3,1011.6
2021-08-10,100.6,83.7,92.2,0.29,5.7,86.3,1012.4
2021-08-11,93.8,75.0,84.6,1.2,10.0,74.7,1011.1
2021-08-12,93.8,77.4,86.2,0.0,10.3,79.6,1017.6
2021-08-13,95.0,76.2,85.8,0.13,16.2,82.7,1010.2
2021-08-14,90.0,73.6,80.8,0.56,13.7,78.1,1018.9
2021-08-15,98.7,78.3,88.6,1.1,8.1,84.8,1006.8
2021-08-16,98.6,77.5,88.3,0.0,13.7,77.9,1020.0
2021-08-17,95.8,77.4,87.0,0.21,9.8,87.7,1008.9
2021-08-18,94.0,75.0,85.8,0.0,4.1,79.9,1007.8
2021-08-19,88.4,72.7,80.3,2.96,10.3,83.8,1013.0
2021-08-20,92.4,75.7,84.7,0.0,14.8,84.1,1014.0
2021-08-21,92.1,75.4,84.8,2.02,11.7,77.1,1007.6
2021-08-22,91.0,73.3,82.6,0.0,9.1,69.9,1008.3
2021-08-23,93.4,76.7,85.3,1.55,17.5,81.8,1012.0
2021-08-24,98.6,79.4,87.7,0.0,3.3,80.3,1018.9
2021-08-25,103.4,86.7,94.2,1.81,5.9,82.6,1014.3
2021-08-26,94.7,77.8,86.3,1.54,4.5,78.6,1012.2
2021-08-27,95.8,78.9,86.5,0.95,12.5,77.4,1013.9
2021-08-28,92.4,74.9,84.8,0.43,11.7,89.5,1011.9
2021-08-29,85.1,68.5,76.3,0.32,17.2,71.9,1006.3
2021-08-30,94.2,77.4,84.6,0.0,10.0,82.8,1009.3
2021-08-31,93.8,75.6,84.8,0.0,7.4,76.2,1014.2
2021-09-01,104.1,86.1,95.4,0.92,11.0,77.2,1011.4
2021-09-02,94.3,72.8,83.3,0.0,9.5,77.2,1018.4
2021-09-03,95.8,76.0,85.3,0.68,4.3,74.6,1015.0
2021-09-04,93.1,75.2,83.6,0.47,21.8,81.3,1014.4
2021-09-05,87.5,68.0,78.2,0.0,11.1,85.3,1013.9
2021-09-06,97.9,79.3,88.4,0.0,9.8,80.5,1009.5
2021-09-07,94.2,79.1,86.4,0.0,11.5,78.5,1016.6
2021-09-08,95.0,77.1,86.4,0.5,13.8,72.9,1014.1
2021-09-09,85.6,67.9,78.5,0.0,8.4,80.3,1005.4
2021-09-10,97.6,80.1,88.7,1.03,8.5,88.3,1008.7
2021-09-11,85.0,67.6,75.8,1.37,13.4,75.5,1009.2
2021-09-12,92.4,76.9,84.5,2.82,12.5,75.4,1012.5
2021-09-13,102.3,83.9,91.5,0.0,5.8,74.3,1011.8
2021-09-14,87.5,68.2,76.9,0.0,14.7,74.5,1014.8
2021-09-15,88.4,69.2,78.6,0.0,10.2,63.0,1014.2
2021-09-16,90.4,74.0,81.3,0.97,13.9,78.6,1011.4
2021-09-17,88.8,67.6,78.3,0.06,16.6,72.2,1009.1
2021-09-18,80.9,63.3,73.3,2.35,11.1,68.2,1009.4
2021-09-19,90.5,71.0,80.4,0.79,12.3,79.8,1007.7
2021-09-20,82.5,64.7,75.0,1.16,14.2,70.4,1013.5
2021-09-21,91.8,74.3,81.6,0.0,6.1,74.0,1017.3
2021-09-22,83.2,66.2,75.1,0.17,11.2,82.8,1008.9
2021-09-23,96.4,76.4,85.9,0.04,11.5,68.3,1018.1
2021-09-24,85.9,64.8,75.2,2.22,7.2,67.5,1010.7
2021-09-25,84.5,66.8,76.9,0.4,20.3,76.3,1018.1
2021-09-26,90.6,73.7,81.8,0.14,5.4,80.5,1009.4
2021-09-27,83.2,61.5,72.3,0.0,3.8,66.7,1006.9
2021-09-28,87.5,71.1,78.6,0.0,14.3,76.4,1016.6
2021-09-29,93.6,72.6,83.1,0.0,11.9,77.1,1016.0
2021-09-30,79.1,58.8,69.7,0.34,6.9,63.7,1012.1
2021-10-01,86.0,69.8,77.5,0.04,13.4,77.8,1009.4
2021-10-02,85.7,67.7,77.5,0.57,16.9,78.0,1011.9
2021-10-03,87.4,72.4,79.6,0.0,8.9,71.8,1013.0
2021-10-04,80.3,61.6,70.2,0.0,19.4,79.4,1013.8
2021-10-05,78.1,60.5,69.5,1.06,4.1,78.7,1015.4
2021-10-06,86.6,68.2,77.5,0.19,13.8,73.3,1012.7
2021-10-07,85.2,65.5,76.2,2.48,15.7,70.3,1014.4
2021-10-08,85.0,66.0,75.7,0.0,12.6,67.5,1014.1
2021-10-09,86.3,66.9,75.8,0.0,8.2,72.0,1013.6
2021-10-10,81.8,60.7,70.9,2.67,9.8,74.8,1007.4
2021-10-11,83.3,63.9,74.7,1.49,12.8,70.2,1010.5
2021-10-12,85.0,67.6,74.7,1.38,14.3,60.6,998.7
2021-10-13,79.9,58.9,69.8,1.3,13.4,77.7,1009.6
2021-10-14,90.4,73.8,81.1,0.23,15.2,72.1,1011.7
2021-10-15,85.4,64.3,74.6,0.25,6.9,69.1,1014.3
2021-10-16,74.6,58.6,66.8,0.0,8.1,75.0,1013.9
2021-10-17,82.2,67.2,74.8,0.0,5.2,78.2,1016.4
2021-10-18,77.5,58.4,67.1,0.61,9.5,56.3,1003.3
2021-10-19,83.5,65.2,74.7,0.0,13.1,72.3,1014.8
2021-10-20,86.5,67.6,76.1,1.61,11.4,62.8,1005.3
2021-10-21,77.5,59.7,66.9,0.63,21.4,72.2,1007.2
2021-10-22,81.8,65.2,74.6,1.65,11.8,70.1,1011.3
2021-10-23,82.3,61.2,71.8,1.92,11.2,72.5,1017.1
2021-10-24,82.1,64.8,73.3,1.12,11.4,66.6,1013.5
2021-10-25,86.9,70.0,77.9,0.27,8.4,59.5,1012.1
2021-10-26,77.4,59.2,67.9,0.34,10.8,66.4,1011.9
2021-10-27,76.0,58.1,65.3,0.0,13.5,70.5,1012.1
2021-10-28,71.5,54.1,64.4,0.04,11.5,73.4,1009.8
2021-10-29,73.3,54.1,64.4,0.11,7.8,62.2,1013.7
2021-10-30,77.2,58.1,67.5,0.08,7.3,73.0,1006.5
2021-10-31,78.9,60.6,69.0,0.0,7.2,64.4,1017.4
2021-11-01,78.2,58.2,68.4,0.84,11.3,69.3,1010.4
2021-11-02,78.2,61.4,70.6,0.0,13.8,64.7,1018.3
2021-11-03,74.9,56.3,66.7,0.0,3.6,68.0,1018.8
2021-11-04,81.3,63.3,72.8,0.0,7.7,71.3,1008.3
2021-11-05,75.0,54.7,64.8,0.0,9.6,60.5,1012.7
2021-11-06,86.1,68.5,77.9,0.9,3.7,63.1,1008.6
2021-11-07,76.1,59.6,68.2,0.0,5.7,67.2,1007.7
2021-11-08,72.1,50.4,61.3,0.0,6.3,78.1,1010.9
2021-11-09,67.0,50.8,60.0,0.0,5.8,61.6,1024.8
2021-11-10,77.7,57.3,66.7,0.0,9.8,75.9,1017.4
2021-11-11,72.9,55.4,63.2,0.41,10.4,75.5,1019.7
2021-11-12,77.5,57.7,67.2,0.0,6.8,64.8,1018.3
2021-11-13,74.0,56.5,65.8,0.64,12.7,63.6,1009.0
2021-11-14,70.1,55.3,63.1,0.0,15.9,61.5,1013.5
2021-11-15,69.3,52.1,59.3,0.0,15.6,64.4,1017.4
2021-11-16,66.4,46.6,56.0,0.0,1.3,57.5,1016.8
2021-11-17,70.5,50.5,60.5,0.4,13.3,64.0,1009.7
2021-11-18,73.7,57.0,66.1,0.52,10.3,71.7,1006.0
2021-11-19,73.0,55.1,63.0,0.0,9.6,61.0,1028.2
2021-11-20,66.2,46.5,56.1,0.0,7.4,62.6,1014.4
2021-11-21,71.9,54.9,62.3,0.0,9.5,55.2,1013.7
2021-11-22,73.0,54.2,63.0,0.0,9.6,65.4,1015.5
2021-11-23,67.4,49.3,57.0,0.0,6.7,64.6,1014.0
2021-11-24,70.9,53.7,61.4,0.65,7.4,63.5,1012.5
2021-11-25,68.1,52.9,60.7,0.0,7.2,61.9,1020.1
2021-11-26,64.0,46.5,55.1,0.0,9.9,61.3,1014.5
2021-11-27,68.9,54.4,61.6,0.0,11.4,65.2,1010.3
2021-11-28,70.9,53.7,62.2,0.18,14.4,62.3,1011.4
2021-11-29,73.0,55.3,64.4,0.0,7.0,63.9,1013.1
2021-11-30,71.2,55.1,64.0,0.0,10.1,63.2,1020.7
2021-12-01,61.2,44.3,52.8,0.0,12.9,67.6,1019.7
2021-12-02,62.0,44.2,54.6,0.0,13.7,65.2,1015.4
2021-12-03,71.1,53.3,60.9,0.15,10.8,62.7,1006.9
2021-12-04,71.4,51.6,60.6,0.0,8.1,69.1,1010.1
2021-12-05,67.7,53.2,60.4,0.0,9.8,63.5,1015.1
2021-12-06,86.1,68.0,75.2,0.0,4.4,67.8,1016.3
2021-12-07,69.4,51.0,60.3,0.0,8.2,64.2,1013.5
2021-12-08,70.8,53.3,62.6,0.04,14.0,51.8,1010.1
2021-12-09,68.9,51.1,61.6,0.0,11.6,67.4,1012.6
2021-12-10,69.0,50.8,60.0,0.68,9.9,61.4,1011.9
2021-12-11,65.6,44.6,55.5,0.0,9.9,60.3,1005.5
2021-12-12,69.9,52.9,60.1,0.0,5.7,61.9,1010.6
2021-12-13,60.2,45.6,53.0,0.0,11.8,58.6,1012.5
2021-12-14,62.6,48.1,55.3,0.0,8.7,61.4,1019.8
2021-12-15,62.6,46.2,54.0,0.01,9.9,57.1,1008.7
2021-12-16,64.5,47.2,56.3,0.0,7.6,66.4,1015.7
2021-12-17,74.2,56.6,66.2,0.0,8.7,59.3,1015.9
2021-12-18,55.4,40.1,47.2,0.04,9.2,57.9,1017.2
2021-12-19,68.8,47.8,58.6,0.0,11.6,55.0,1020.1
2021-12-20,58.8,37.7,48.1,0.0,7.4,60.9,1014.8
2021-12-21,61.7,44.9,53.1,0.0,15.4,60.4,1013.1
2021-12-22,70.6,52.6,59.9,0.0,14.9,61.3,1012.3
2021-12-23,63.5,47.5,55.2,0.05,7.4,54.1,1011.0
2021-12-24,58.8,42.4,49.9,0.0,9.3,51.2,1013.3
2021-12-25,59.3,43.9,51.4,1.13,8.4,62.2,1014.2
2021-12-26,67.1,48.5,57.6,0.0,7.7,66.4,1016.7
2021-12-27,62.0,43.1,51.1,0.0,17.0,53.8,1017.4
2021-12-28,64.7,46.8,55.2,0.0,7.8,66.8,1020.0
2021-12-29,62.8,43.4,54.4,0.0,10.4,60.2,1022.5
2021-12-30,60.7,41.4,51.1,0.0,11.2,58.7,1015.5
2021-12-31,71.1,52.8,63.6,0.0,5.0,56.6,1019.4
2022-01-01,67.2,49.1,56.7,0.28,7.6,51.6,1010.6
2022-01-02,53.6,36.1,44.6,0.0,4.2,63.4,1019.7
2022-01-03,63.3,45.3,54.5,0.0,5.5,54.6,1019.2
2022-01-04,59.9,43.3,50.6,0.0,2.4,54.5,1019.0
2022-01-05,66.8,50.3,57.3,0.0,11.2,63.3,1015.4
2022-01-06,57.1,40.2,49.9,0.0,17.2,48.9,1012.3
2022-01-07,62.6,43.3,52.8,0.0,9.6,50.6,1009.4
2022-01-08,63.5,46.9,55.6,0.0,3.3,58.1,1014.8
2022-01-09,67.0,48.2,57.1,0.14,8.4,59.6,1018.1
2022-01-10,58.1,39.1,47.8,0.0,7.2,60.6,1013.8
2022-01-11,61.9,44.6,51.7,0.0,4.9,56.6,1018.1
2022-01-12,60.2,42.6,51.0,0.0,12.4,70.7,1018.4
2022-01-13,59.2,42.4,50.1,0.0,12.2,56.9,1013.9
2022-01-14,68.6,53.6,61.0,0.46,6.4,56.9,1017.3
2022-01-15,65.0,44.0,54.9,0.0,11.9,54.0,1003.4
2022-01-16,55.4,37.9,47.3,0.0,15.1,58.6,1010.1
2022-01-17,66.1,47.2,57.1,0.1,18.6,61.1,1008.3
2022-01-18,70.7,54.3,62.6,0.0,20.5,64.0,1011.7
2022-01-19,65.2,49.1,57.6,0.31,7.4,50.6,1013.3
2022-01-20,55.7,38.2,46.2,0.0,20.3,56.8,1016.2
2022-01-21,58.1,43.4,50.8,0.23,9.6,60.2,1013.6
2022-01-22,68.7,51.0,58.7,0.0,6.6,61.0,1017.4
2022-01-23,58.1,39.7,49.9,0.0,10.3,58.1,1011.2
2022-01-24,62.1,45.4,55.1,0.0,6.7,60.8,1010.1
2022-01-25,65.6,47.4,56.6,0.0,10.6,54.0,1016.6
2022-01-26,56.2,40.1,49.0,0.0,3.7,65.9,1012.5
2022-01-27,61.0,42.2,52.9,0.0,8.0,63.1,1008.7
2022-01-28,48.5,31.4,38.6,1.05,16.1,51.4,1015.9
2022-01-29,55.9,40.6,48.7,0.0,8.8,52.8,1020.6
2022-01-30,62.6,43.8,52.2,0.02,11.6,53.0,1018.2
2022-01-31,54.8,37.7,47.8,0.0,10.9,61.7,1015.7
2022-02-01,68.8,49.8,60.8,0.0,13.7,51.9,1017.5
2022-02-02,57.1,39.1,47.1,0.0,2.4,56.7,1020.5
2022-02-03,59.9,41.1,51.6,0.0,11.3,60.7,1012.4
2022-02-04,61.7,44.0,54.3,1.31,9.9,58.1,1016.4
2022-02-05,68.7,52.4,60.3,0.0,9.7,59.8,1016.1
2022-02-06,55.5,38.8,47.4,0.0,13.2,53.3,1018.7
2022-02-07,69.6,50.6,59.2,0.0,4.2,61.6,1015.7
2022-02-08,62.4,43.2,54.1,0.0,4.9,55.7,1020.2
2022-02-09,59.9,42.1,49.8,0.2,3.3,57.2,1012.9
2022-02-10,67.0,46.2,56.4,0.0,6.8,60.1,1009.1
2022-02-11,64.1,47.0,55.3,0.0,14.3,59.5,1020.8
2022-02-12,62.5,41.9,51.9,0.0,8.5,59.2,1011.2
2022-02-13,63.5,46.3,55.0,0.0,3.6,55.4,1020.0
2022-02-14,63.9,43.8,53.1,0.0,7.1,57.7,1014.6
2022-02-15,62.8,45.1,55.5,0.0,3.0,59.3,1019.7
2022-02-16,67.8,47.9,58.1,0.0,4.5,52.5,1019.5
2022-02-17,71.4,51.9,62.4,0.0,10.6,57.2,1016.7
2022-02-18,58.4,42.6,49.8,0.0,4.3,61.5,1017.0
2022-02-19,74.7,55.4,65.1,0.0,13.5,53.3,1016.7
2022-02-20,56.7,39.4,46.9,0.0,8.7,65.6,1006.9
2022-02-21,62.2,46.5,55.2,0.0,9.3,66.3,1015.5
2022-02-22,66.4,49.5,58.7,0.0,7.9,53.8,1010.5
2022-02-23,67.3,48.9,57.5,0.0,12.1,66.9,1015.7
2022-02-24,63.3,44.5,53.6,0.0,12.1,59.5,1010.4
2022-02-25,66.5,44.7,55.6,0.0,10.3,62.5,1010.3
2022-02-26,64.6,47.0,54.6,0.0,11.3,58.0,1021.4
2022-02-27,65.1,44.6,54.3,0.46,10.2,65.3,1016.3
2022-02-28,70.8,52.4,61.0,0.0,11.2,62.8,1015.0
2022-03-01,67.2,51.4,59.0,0.0,7.6,56.8,1015.7
2022-03-02,61.9,46.8,54.4,0.0,9.0,55.2,1014.0
2022-03-03,71.9,51.0,61.8,0.0,7.9,53.9,1017.3
2022-03-04,68.9,48.8,59.4,0.0,7.2,62.3,1012.3
2022-03-05,69.0,51.2,61.9,0.0,6.2,64.3,1019.0
2022-03-06,69.7,50.3,61.2,0.37,12.9,64.9,1011.0
2022-03-07,65.7,47.1,54.9,0.0,14.2,61.2,1013.3
2022-03-08,65.3,47.9,56.3,0.0,13.7,56.1,1015.1
2022-03-09,71.2,52.8,62.5,0.0,4.0,58.7,1012.6
2022-03-10,70.9,53.1,62.1,0.0,14.2,68.0,1016.3
2022-03-11,67.3,50.8,59.5,0.0,7.7,60.0,1012.9
2022-03-12,68.8,51.9,60.3,0.0,11.4,63.3,1016.9
2022-03-13,74.3,56.4,65.8,0.0,5.4,57.3,1019.9
2022-03-14,64.8,48.3,57.6,0.0,9.6,64.6,1012.1
2022-03-15,73.1,55.4,63.0,0.0,10.3,60.7,1014.5
2022-03-16,68.6,51.0,59.9,0.0,3.1,68.4,1016.8
2022-03-17,70.4,50.9,60.1,0.0,11.4,67.2,1013.3
2022-03-18,76.7,57.0,66.3,0.0,14.4,61.1,1016.9
2022-03-19,73.1,57.5,65.3,0.0,8.3,63.1,1017.2
2022-03-20,75.1,55.5,65.5,0.0,14.4,61.1,1019.3
2022-03-21,76.9,60.9,68.0,0.0,8.2,57.0,1012.6
2022-03-22,73.0,54.1,62.5,0.0,12.4,60.0,1011.2
2022-03-23,73.6,55.6,65.7,0.0,0.1,65.4,1013.8
2022-03-24,71.3,52.3,61.5,0.0,18.7,66.3,1011.1
2022-03-25,74.1,56.6,64.7,0.0,15.0,65.6,1017.3
2022-03-26,71.1,53.1,62.9,0.0,7.9,63.5,1010.4
2022-03-27,71.8,54.9,64.2,0.0,1.1,69.9,1024.3
2022-03-28,76.3,56.6,66.7,0.01,12.2,65.7,1017.2
2022-03-29,70.6,50.7,60.7,0.0,3.2,69.1,1015.1
2022-03-30,82.3,64.6,74.1,0.0,10.8,56.9,1018.5
2022-03-31,70.0,51.4,60.4,0.0,10.6,46.3,1008.5
2022-04-01,68.3,52.2,59.8,0.0,5.2,67.6,1025.1
2022-04-02,80.6,62.7,70.7,0.27,15.5,59.2,1009.6
2022-04-03,77.2,60.7,69.4,0.0,12.2,65.5,1014.5
2022-04-04,79.5,59.5,68.9,0.0,12.9,65.2,1007.6
2022-04-05,77.4,60.2,69.2,0.0,9.0,74.9,1016.9
2022-04-06,75.1,58.5,66.7,0.0,3.3,69.1,1010.6
2022-04-07,70.2,55.9,63.0,0.07,14.9,68.2,1012.4
2022-04-08,75.1,58.7,67.7,0.44,9.9,71.7,1009.8
2022-04-09,73.6,56.4,64.6,0.0,3.4,69.6,1010.7
2022-04-10,80.4,62.4,72.3,0.0,14.4,65.7,1011.8
2022-04-11,77.9,60.5,67.6,0.0,17.4,73.5,1015.9
2022-04-12,71.9,55.5,64.8,0.0,8.8,62.8,1009.9
2022-04-13,75.9,56.6,67.4,0.0,17.6,70.2,1012.0
2022-04-14,79.4,63.3,71.0,0.19,11.4,61.0,1014.7
2022-04-15,74.0,58.0,66.9,0.0,7.5,70.0,1025.4
2022-04-16,73.6,58.7,66.1,0.0,6.5,70.1,1016.9
2022-04-17,79.8,61.7,71.2,0.0,15.5,77.8,1011.3
2022-04-18,80.5,62.3,71.5,0.0,5.9,61.8,1013.5
2022-04-19,77.0,59.8,68.4,0.0,11.9,66.8,1015.1
2022-04-20,78.0,59.8,68.9,0.0,6.8,74.1,1013.6
2022-04-21,81.7,61.8,72.4,0.0,7.2,71.9,1018.6
2022-04-22,72.1,57.3,65.1,0.0,13.1,71.3,1015.9
2022-04-23,74.5,58.5,65.6,0.57,9.5,65.8,1015.6
2022-04-24,79.9,58.6,69.0,0.0,7.4,67.9,1013.7
2022-04-25,80.7,62.3,71.6,0.0,13.5,77.3,1020.3
2022-04-26,84.0,63.7,74.3,0.0,15.4,71.0,1014.3
2022-04-27,88.0,70.4,79.8,0.0,11.6,73.3,1011.1
2022-04-28,87.4,67.1,77.3,0.09,8.4,71.1,1020.7
2022-04-29,83.1,64.3,73.1,0.0,7.0,65.9,1007.7
2022-04-30,83.1,64.0,74.0,0.01,11.3,76.7,1009.0
2022-05-01,80.8,59.2,69.9,0.0,10.3,74.8,1012.5
2022-05-02,82.1,65.3,74.6,0.0,5.0,84.0,1025.0
2022-05-03,80.8,66.0,73.7,0.0,11.9,67.6,1022.2
2022-05-04,86.8,68.7,76.7,0.0,9.3,77.0,1021.0
2022-05-05,82.1,64.1,71.9,0.0,2.1,66.5,1013.7
2022-05-06,85.7,70.2,78.2,0.0,5.3,74.0,1024.7
2022-05-07,91.1,74.9,83.1,0.0,7.0,78.3,1016.5
2022-05-08,83.1,66.8,76.0,0.1,10.7,63.3,1015.9
2022-05-09,86.8,69.2,78.6,0.0,16.6,72.8,1015.7
2022-05-10,90.3,71.5,80.2,0.77,12.0,71.2,1011.8
2022-05-11,84.6,66.1,75.6,0.48,7.6,70.7,1011.0
2022-05-12,87.1,71.3,78.7,2.17,11.9,76.4,1011.2
2022-05-13,86.5,70.6,78.0,0.53,9.6,80.2,1014.4
2022-05-14,85.7,71.0,78.7,0.43,12.3,74.1,1013.5
2022-05-15,83.2,66.0,75.0,0.24,13.3,76.0,1011.9
2022-05-16,88.5,71.0,78.9,0.5,15.8,75.8,1018.0
2022-05-17,92.2,73.2,81.3,0.0,8.9,75.4,1003.1
2022-05-18,96.3,77.3,85.9,0.0,15.6,70.1,1017.0
2022-05-19,91.0,73.7,83.9,0.36,14.6,81.3,1014.9
2022-05-20,100.2,82.5,89.6,0.0,6.2,77.4,1019.6
2022-05-21,86.8,67.1,76.7,0.0,17.8,78.1,1014.7
2022-05-22,94.5,74.7,84.3,0.22,12.3,72.2,1012.8
2022-05-23,90.3,71.3,81.5,0.55,7.7,74.2,1015.9
2022-05-24,99.4,80.1,90.8,0.0,15.6,75.7,1021.0
2022-05-25,85.8,70.5,77.6,0.0,17.3,69.1,1013.8
2022-05-26,84.9,70.1,77.7,0.0,8.9,68.5,1016.1
2022-05-27,86.9,68.5,79.0,0.0,7.0,74.1,1021.7
2022-05-28,80.4,63.6,72.4,0.0,8.3,79.9,1006.5
2022-05-29,88.8,70.6,79.8,0.06,13.9,74.2,1009.2
2022-05-30,89.0,69.4,79.0,0.38,16.1,72.5,1017.9
2022-05-31,92.2,73.6,83.3,0.18,13.3,73.7,1016.4
2022-06-01,91.7,73.7,84.4,0.2,11.4,75.7,1014.1
2022-06-02,102.4,80.6,91.6,0.0,15.0,76.3,1013.2
2022-06-03,98.4,77.8,87.6,0.02,9.7,89.1,1008.5
2022-06-04,91.1,72.8,81.0,0.0,13.1,83.7,1012.6
2022-06-05,90.7,69.2,79.8,0.5,9.8,83.7,1018.2
2022-06-06,95.4,79.0,86.2,0.74,12.7,84.5,1009.5
2022-06-07,89.1,70.4,78.3,0.87,10.5,73.8,1012.4
2022-06-08,100.0,82.1,92.7,0.39,10.8,72.8,1009.0
2022-06-09,98.4,81.9,90.0,0.0,7.5,73.6,1018.4
2022-06-10,90.6,74.8,82.7,0.0,14.4,85.9,1012.8
2022-06-11,85.1,69.8,77.3,0.0,6.1,76.6,1014.6
2022-06-12,98.9,80.9,91.3,0.22,8.0,73.2,1005.3
2022-06-13,94.4,75.9,84.9,0.11,19.5,77.5,1005.5
2022-06-14,101.3,81.5,91.2,2.39,14.9,78.5,1012.0
2022-06-15,87.9,70.6,78.6,0.45,2.5,81.2,1006.7
2022-06-16,90.8,73.2,83.3,0.0,6.7,81.2,1023.4
2022-06-17,96.4,76.1,86.1,0.0,1.8,75.9,1006.8
2022-06-18,96.0,78.3,86.5,0.0,5.2,83.6,1011.8
2022-06-19,93.0,75.8,84.4,0.93,5.6,77.1,1012.1
2022-06-20,99.1,81.6,89.4,0.0,8.5,79.6,1013.5
2022-06-21,90.0,71.0,82.0,0.24,6.4,83.9,1007.6
2022-06-22,94.6,76.7,86.3,0.0,9.2,77.4,1011.2
2022-06-23,98.3,76.9,87.6,1.67,4.5,77.9,1008.0
2022-06-24,97.7,81.3,89.5,0.94,11.3,83.7,1010.9
2022-06-25,99.4,80.4,90.5,0.11,9.3,76.6,1019.8
2022-06-26,92.9,72.3,82.4,0.0,15.0,79.0,1015.3
2022-06-27,90.5,70.9,80.7,1.27,16.6,83.8,1016.7
2022-06-28,100.7,82.6,93.4,1.65,14.1,91.4,1014.0
2022-06-29,96.9,80.7,89.3,0.0,7.7,84.2,1019.5
2022-06-30,91.6,77.0,84.5,0.17,18.9,83.6,1000.8
2022-07-01,104.5,85.3,95.0,1.3,4.8,84.0,1010.8
2022-07-02,97.4,78.7,88.6,1.19,5.4,76.0,1017.2
2022-07-03,101.1,84.2,93.5,0.03,10.7,82.0,1009.7
2022-07-04,99.4,80.8,88.6,0.0,18.0,81.4,1022.0
2022-07-05,106.8,88.6,97.7,0.0,8.2,83.2,1020.9
2022-07-06,104.3,88.1,96.4,1.16,10.3,82.2,1010.1
2022-07-07,96.4,78.7,87.4,0.0,3.2,83.6,1013.0
2022-07-08,102.7,83.4,93.0,0.94,14.8,80.2,1007.9
2022-07-09,98.9,81.6,91.6,2.57,14.8,82.1,1009.5
2022-07-10,103.0,86.9,94.9,1.68,14.2,75.7,1007.1
2022-07-11,94.7,75.8,84.4,2.67,8.5,80.2,1013.7
2022-07-12,100.7,83.8,91.9,4.03,8.2,88.8,1006.2
2022-07-13,102.8,85.8,93.6,0.0,3.8,83.5,1017.4
2022-07-14,89.7,70.8,81.0,0.0,9.3,81.8,1017.5
2022-07-15,90.8,73.0,83.6,0.56,6.7,91.4,1005.4
2022-07-16,87.4,71.3,79.8,2.06,6.3,75.2,1018.2
2022-07-17,96.5,77.8,87.8,0.0,7.3,76.4,1017.1
2022-07-18,100.1,81.6,92.2,0.0,7.0,90.6,1018.0
2022-07-19,103.0,85.4,95.8,0.0,6.8,82.2,1012.0
2022-07-20,99.7,81.6,89.3,1.66,12.9,80.8,1014.5
2022-07-21,107.3,85.5,96.3,0.0,9.3,76.0,1019.5
2022-07-22,93.0,74.3,82.8,0.21,9.8,84.2,1011.6
2022-07-23,91.7,73.0,81.3,1.49,11.7,84.7,1020.0
2022-07-24,96.7,81.5,88.7,0.02,7.0,76.5,1012.2
2022-07-25,101.5,81.7,90.7,1.78,11.4,81.3,1016.6
2022-07-26,96.6,81.3,88.8,0.01,11.6,80.3,1013.2
2022-07-27,90.4,71.6,79.6,1.12,5.0,83.2,1014.3
2022-07-28,99.4,80.2,88.4,0.48,15.0,76.3,1005.3
2022-07-29,92.8,72.7,82.9,0.0,5.5,88.1,1016.5
2022-07-30,102.7,81.3,91.8,1.25,11.4,86.4,1009.1
2022-07-31,99.6,82.1,90.3,0.44,15.7,80.0,1008.6
2022-08-01,92.4,74.0,84.4,0.12,14.7,80.7,1019.0
2022-08-02,95.0,75.8,86.3,0.0,9.1,81.0,1014.1
2022-08-03,93.1,73.7,83.7,0.93,9.6,77.8,1008.0
2022-08-04,95.4,80.6,88.1,0.77,14.8,79.4,1010.6
2022-08-05,102.1,82.9,92.6,1.42,13.7,80.2,1006.8
2022-08-06,94.8,73.0,83.8,0.0,6.5,89.6,1020.7
2022-08-07,98.2,80.7,90.4,0.0,5.8,86.2,1012.2
2022-08-08,95.9,77.4,85.7,0.53,2.7,86.1,1014.1
2022-08-09,95.0,75.4,84.4,0.03,11.6,83.2,1017.4
2022-08-10,98.2,77.8,87.4,0.0,8.7,75.7,1013.0
2022-08-11,93.9,74.1,83.1,3.92,15.5,81.0,1014.1
2022-08-12,94.2,77.7,85.2,0.0,10.4,86.0,1010.9
2022-08-13,93.0,73.9,82.1,0.42,16.3,74.7,1021.8
2022-08-14,106.3,86.0,96.2,0.93,8.2,84.1,1015.7
2022-08-15,95.1,77.0,87.4,1.97,15.6,92.5,1011.2
2022-08-16,92.9,76.4,84.0,0.61,8.9,86.1,1008.9
2022-08-17,97.8,77.1,88.0,0.0,12.1,87.7,1014.5
2022-08-18,94.3,78.0,86.3,0.0,3.2,81.7,1013.6
2022-08-19,95.3,76.1,85.7,0.75,11.9,85.3,1019.8
2022-08-20,99.0,79.3,89.3,0.0,1.1,76.8,1010.1
2022-08-21,97.5,79.6,89.8,1.24,9.9,84.2,1012.5
2022-08-22,93.1,73.1,83.8,0.08,12.8,83.4,1011.9
2022-08-23,93.6,75.2,83.5,0.22,8.9,81.5,1011.5
2022-08-24,93.6,74.2,84.7,0.0,4.8,86.5,1014.6
2022-08-25,82.4,67.8,75.4,0.0,12.4,77.1,1014.5
2022-08-26,85.8,68.9,78.7,0.0,8.6,78.8,1018.5
2022-08-27,99.9,81.5,91.5,0.0,7.0,80.0,1017.4
2022-08-28,103.3,82.9,92.6,0.0,9.2,74.3,1016.7
2022-08-29,91.8,75.8,83.8,0.0,19.5,80.4,1002.9
2022-08-30,96.9,76.9,87.4,0.0,13.6,70.6,1016.2
2022-08-31,93.9,78.3,86.0,0.0,13.7,84.3,1008.4
2022-09-01,106.5,91.0,98.2,1.29,12.7,79.1,1014.6
2022-09-02,99.6,79.3,89.2,0.25,11.7,76.2,1017.9
2022-09-03,93.3,74.5,83.4,0.04,2.6,74.5,1008.3
2022-09-04,86.8,69.0,79.4,0.24,8.3,77.3,1011.0
2022-09-05,85.0,67.7,76.3,0.21,9.1,81.8,1009.6
2022-09-06,91.3,76.5,84.2,0.43,3.5,80.9,1016.9
2022-09-07,88.6,69.3,79.6,0.0,4.4,74.5,1015.4
2022-09-08,86.1,67.2,76.4,0.75,3.1,73.6,1018.9
2022-09-09,87.1,71.9,79.7,0.68,10.8,81.0,1013.7
2022-09-10,85.6,67.6,77.5,0.33,14.3,73.9,1013.0
2022-09-11,98.3,80.6,89.7,0.0,13.4,77.7,1015.3
2022-09-12,96.5,76.4,85.8,0.98,12.7,77.9,1015.3
2022-09-13,92.5,72.7,81.6,0.53,7.1,78.6,1005.0
2022-09-14,95.2,77.7,88.0,0.0,1.3,81.2,1015.3
2022-09-15,91.5,71.1,81.4,0.0,2.0,70.4,1014.7
2022-09-16,85.5,67.1,77.0,1.44,5.9,67.0,1014.9
2022-09-17,96.0,80.0,87.4,2.05,7.4,73.5,1011.2
2022-09-18,92.8,72.4,82.7,0.72,10.4,85.2,1007.8
2022-09-19,86.1,65.7,75.4,0.0,4.9,86.1,1015.0
2022-09-20,89.7,69.1,78.9,1.25,12.4,85.0,1007.7
2022-09-21,84.9,67.1,75.6,0.24,10.1,74.7,1004.3
2022-09-22,81.4,62.5,73.0,0.61,11.0,66.6,1014.9
2022-09-23,93.3,73.2,83.1,0.07,15.6,63.6,1014.3
2022-09-24,95.3,79.8,87.3,0.0,4.3,72.0,1016.9
2022-09-25,81.4,63.5,72.1,0.14,12.7,73.9,1017.2
2022-09-26,89.1,70.1,80.6,2.45,10.9,81.2,1009.3
2022-09-27,84.5,67.7,74.9,2.1,9.7,78.9,1006.3
2022-09-28,83.3,64.5,75.4,0.66,14.5,75.5,1011.7
2022-09-29,82.4,64.9,74.6,1.43,14.5,69.7,1010.6
2022-09-30,83.7,63.5,73.1,0.0,5.2,69.2,1011.6
2022-10-01,84.3,68.8,76.9,0.0,8.3,75.0,1014.7
2022-10-02,81.7,64.6,72.6,0.0,10.1,77.1,1012.6
2022-10-03,85.2,66.5,77.3,0.0,7.9,75.3,1007.7
2022-10-04,82.7,67.4,75.6,0.0,11.3,68.0,1013.2
2022-10-05,81.5,64.3,74.4,2.97,12.1,76.2,1007.5
2022-10-06,78.8,62.5,71.1,0.0,16.3,74.9,1015.9
2022-10-07,82.8,64.7,72.3,0.0,2.9,67.2,1012.4
2022-10-08,86.1,70.9,78.0,0.0,8.5,68.5,1019.4
2022-10-09,87.3,67.3,76.5,1.81,7.4,75.6,1018.4
2022-10-10,78.9,58.7,69.6,0.85,13.4,70.8,1014.7
2022-10-11,82.9,65.6,74.1,0.0,2.5,79.7,1008.8
2022-10-12,86.1,68.3,76.7,0.0,10.4,74.1,1021.0
2022-10-13,74.6,57.2,65.5,0.0,6.5,68.9,1021.3
2022-10-14,85.2,66.1,75.2,1.47,8.1,71.1,1012.1
2022-10-15,77.6,60.7,69.4,1.75,5.2,71.3,1017.3
2022-10-16,83.1,64.2,74.7,0.04,9.1,67.1,1009.8
2022-10-17,79.0,59.4,68.4,0.0,13.3,66.0,1007.5
2022-10-18,74.2,54.4,63.4,1.09,10.9,73.8,1009.0
2022-10-19,74.4,56.3,63.9,1.86,13.5,74.4,1018.9
2022-10-20,79.8,60.2,71.1,0.0,15.7,72.9,1009.0
2022-10-21,81.9,63.7,71.7,2.01,12.1,77.3,1012.0
2022-10-22,75.1,58.9,66.2,0.0,6.8,66.8,1015.1
2022-10-23,81.8,63.2,72.8,0.23,12.9,77.7,1009.9
2022-10-24,70.0,52.8,62.2,0.0,6.8,64.6,1013.2
2022-10-25,78.4,60.4,69.0,0.35,9.0,63.8,1012.3
2022-10-26,71.3,54.9,63.6,0.0,2.9,59.9,1012.8
2022-10-27,74.1,55.6,65.8,0.0,12.7,66.3,1009.3
2022-10-28,79.0,60.8,68.6,0.06,9.5,65.8,1012.9
2022-10-29,72.1,54.0,64.2,0.59,11.7,70.7,1016.3
2022-10-30,73.4,56.5,66.1,0.0,4.9,69.1,1018.5
2022-10-31,79.3,63.4,72.0,0.0,10.7,61.7,1011.8
2022-11-01,75.4,55.8,64.6,0.0,6.0,65.5,1010.0
2022-11-02,79.7,62.6,70.7,0.0,8.4,65.4,1013.9
2022-11-03,70.1,51.5,61.5,0.0,12.5,58.2,1021.3
2022-11-04,78.9,59.6,68.7,0.0,12.2,62.0,1017.6
2022-11-05,82.8,64.2,72.5,0.0,8.9,62.8,1017.8
2022-11-06,62.9,45.2,54.6,0.0,1.9,73.6,1018.6
2022-11-07,71.6,50.8,61.8,0.0,21.0,67.2,1016.7
2022-11-08,77.8,59.0,67.7,0.0,16.0,69.4,1015.5
2022-11-09,73.5,53.2,63.9,0.2,13.9,58.4,1014.6
2022-11-10,73.8,57.8,66.2,0.0,6.0,71.7,1012.8
2022-11-11,72.0,54.3,61.5,0.0,8.5,72.0,1009.3
2022-11-12,73.5,56.5,64.3,0.3,8.8,55.3,1014.9
2022-11-13,71.1,54.3,63.0,0.0,14.1,61.6,1020.0
2022-11-14,77.3,60.8,68.6,0.0,10.1,67.4,1010.5
2022-11-15,71.4,57.3,64.3,0.0,5.9,68.0,1018.3
2022-11-16,71.9,53.7,64.4,0.0,7.1,61.2,1021.7
2022-11-17,70.8,50.3,60.7,0.19,15.5,62.8,1012.0
2022-11-18,67.1,50.1,60.1,0.0,15.4,61.2,1011.7
2022-11-19,68.7,52.4,60.1,0.0,15.1,64.6,1015.5
2022-11-20,72.6,56.0,63.5,0.0,12.0,69.8,1012.8
2022-11-21,66.8,52.3,59.6,0.67,10.0,59.8,1009.5
2022-11-22,73.4,52.6,62.5,0.0,4.0,68.5,1016.7
2022-11-23,78.2,59.6,70.3,0.0,10.2,59.4,1008.6
2022-11-24,72.8,55.9,64.6,0.0,9.0,58.9,1009.2
2022-11-25,67.2,51.5,59.0,0.0,9.6,67.1,1015.1
2022-11-26,73.5,56.6,65.6,0.0,9.2,67.4,1014.9
2022-11-27,65.1,49.7,58.1,0.0,3.7,66.9,1016.4
2022-11-28,60.5,42.0,50.5,0.33,13.2,55.9,1019.5
2022-11-29,65.8,45.5,54.9,0.0,11.5,60.0,1015.4
2022-11-30,58.7,40.9,50.8,0.0,11.7,66.3,1017.4
2022-12-01,67.1,50.0,57.4,0.0,12.8,62.2,1011.1
2022-12-02,68.8,51.7,58.9,0.0,11.4,56.5,1018.1
2022-12-03,76.5,55.1,66.1,0.0,7.4,64.0,1012.9
2022-12-04,68.5,51.9,59.8,0.0,8.7,58.0,1015.3
2022-12-05,65.3,49.9,57.1,0.21,11.4,70.4,1011.6
2022-12-06,69.9,53.9,61.6,0.68,11.4,69.0,1016.1
2022-12-07,57.6,40.6,47.7,0.0,13.0,64.1,1009.8
2022-12-08,68.8,50.0,58.5,0.24,13.6,67.8,1002.9
2022-12-09,68.5,50.5,60.8,0.0,17.3,61.2,1014.1
2022-12-10,58.9,42.1,50.4,0.0,17.8,64.5,1016.9
2022-12-11,72.6,53.3,62.0,0.0,9.3,68.0,1015.6
2022-12-12,68.4,48.5,58.2,0.0,6.3,61.7,1019.9
2022-12-13,65.6,45.6,54.6,0.0,13.9,59.1,1016.7
2022-12-14,69.2,48.7,59.2,0.0,6.8,51.7,1012.7
2022-12-15,74.9,55.9,66.4,0.0,5.8,59.7,1005.7
2022-12-16,66.2,49.8,56.8,0.0,7.4,64.1,1014.1
2022-12-17,66.6,46.8,56.9,0.17,9.2,64.6,1016.1
2022-12-18,60.9,44.7,53.6,0.0,11.4,62.3,1013.4
2022-12-19,60.8,40.7,51.7,0.0,2.8,57.0,1015.1
2022-12-20,68.9,50.1,59.1,0.0,4.7,49.7,1016.7
2022-12-21,59.0,40.4,51.3,0.21,12.4,57.0,1007.9
2022-12-22,65.5,45.3,55.4,0.0,11.5,57.8,1017.5
2022-12-23,62.1,44.8,52.7,0.0,11.6,57.7,1021.5
2022-12-24,67.7,47.8,56.9,0.0,5.9,62.3,1014.3
2022-12-25,63.3,45.2,56.1,0.0,5.1,69.0,1010.5
2022-12-26,67.2,48.7,59.2,0.0,7.0,59.6,1014.7
2022-12-27,61.5,44.7,52.1,0.0,10.0,57.8,1006.1
2022-12-28,61.2,43.2,53.1,0.0,14.9,57.5,1016.3
2022-12-29,59.6,41.4,49.8,0.0,0.8,59.4,1016.8
2022-12-30,62.1,45.0,52.0,0.09,10.1,54.6,1018.7
2022-12-31,63.1,47.0,55.6,0.0,3.7,59.2,1014.2
2023-01-01,66.3,49.3,57.2,0.0,2.4,60.8,1016.6
2023-01-02,58.6,39.3,49.6,0.0,12.9,59.5,1011.6
2023-01-03,66.0,49.2,57.6,0.0,11.2,60.7,1013.6
2023-01-04,70.4,49.4,59.7,0.0,10.8,60.5,1008.9
2023-01-05,65.7,48.4,55.4,0.0,12.7,49.5,1014.2
2023-01-06,71.7,53.6,61.9,0.0,7.1,61.5,1013.8
2023-01-07,59.7,41.9,49.9,0.0,7.3,54.9,1016.2
2023-01-08,56.5,39.8,47.7,0.31,19.7,52.7,1009.5
2023-01-09,55.9,38.0,45.2,0.02,10.0,52.6,1012.3
2023-01-10,69.7,52.2,59.9,0.0,11.9,60.3,1013.7
2023-01-11,66.0,46.9,56.1,0.0,9.0,57.0,1013.7
2023-01-12,63.3,44.7,52.9,0.0,1.6,49.7,1015.3
2023-01-13,62.4,45.7,54.3,0.0,0.8,60.4,1015.2
2023-01-14,58.2,39.5,48.0,0.0,6.7,50.8,1018.0
2023-01-15,71.8,53.5,64.0,0.0,13.2,58.7,1014.5
2023-01-16,62.0,43.0,53.6,0.19,14.2,59.2,1010.6
2023-01-17,61.8,44.5,53.5,0.11,14.7,62.4,1011.3
2023-01-18,67.2,47.9,56.3,0.0,5.1,66.9,1012.1
2023-01-19,65.6,47.7,55.2,0.0,15.5,51.2,1013.6
2023-01-20,63.8,43.2,54.0,0.0,5.1,57.7,1023.1
2023-01-21,59.4,42.2,49.5,0.0,9.9,56.6,1011.3
2023-01-22,64.4,47.0,55.2,0.0,9.0,60.2,1013.9
2023-01-23,72.3,53.3,61.5,0.29,10.3,59.1,1010.5
2023-01-24,68.1,50.8,59.1,0.0,14.4,56.3,1014.0
2023-01-25,68.8,52.6,60.3,0.0,6.2,55.9,1013.7
2023-01-26,58.5,40.7,50.8,0.0,3.6,52.5,1016.1
2023-01-27,58.9,41.2,48.7,0.0,9.1,63.1,1008.2
2023-01-28,62.6,43.1,52.7,0.04,9.4,60.4,1016.1
2023-01-29,62.1,46.0,53.5,0.0,22.5,62.8,1017.5
2023-01-30,65.4,51.0,58.3,0.0,11.7,56.7,1010.0
2023-01-31,56.1,35.1,45.8,0.0,7.4,55.0,1005.9
2023-02-01,67.4,52.6,60.4,0.0,4.8,52.9,1011.1
2023-02-02,62.6,42.5,52.8,0.0,1.5,60.2,1014.0
2023-02-03,62.6,42.5,51.7,0.17,6.9,53.2,1022.3
2023-02-04,57.9,41.8,49.1,0.0,9.5,67.7,1017.2
2023-02-05,54.3,35.5,46.3,0.0,14.7,52.0,1007.8
2023-02-06,67.4,49.6,57.6,0.0,13.5,60.0,1012.2
2023-02-07,64.6,43.9,54.3,0.0,9.9,66.5,1014.8
2023-02-08,57.5,40.6,48.3,0.0,7.7,61.7,1016.0
2023-02-09,59.2,38.0,48.4,0.0,10.1,59.7,1009.7
2023-02-10,60.0,45.7,52.8,1.9,8.9,54.0,1011.5
2023-02-11,71.0,52.9,61.9,0.0,15.9,52.0,1012.1
2023-02-12,63.3,43.3,53.4,0.0,8.2,62.9,1010.6
2023-02-13,58.4,37.2,47.9,0.0,8.7,66.7,1016.0
2023-02-14,61.4,43.1,53.7,0.0,0.1,57.0,1018.1
2023-02-15,63.9,43.4,53.7,0.0,8.2,53.6,1018.4
2023-02-16,52.2,32.4,43.0,0.0,12.3,47.1,1017.3
2023-02-17,63.6,47.2,55.0,0.0,4.7,54.6,1013.0
2023-02-18,61.9,46.2,54.4,0.0,6.0,59.0,1017.9
2023-02-19,69.1,50.5,58.7,0.0,12.2,67.7,1016.2
2023-02-20,71.7,55.5,64.0,0.0,3.1,63.2,1015.5
2023-02-21,69.2,52.4,60.9,0.0,13.2,61.4,1012.6
2023-02-22,63.0,45.7,54.8,0.03,8.9,58.0,1010.0
2023-02-23,61.7,43.6,51.2,0.0,7.4,57.2,1015.3
2023-02-24,77.7,58.2,68.0,0.0,4.5,67.3,1024.8
2023-02-25,67.0,49.2,56.8,1.1,12.5,61.4,1013.2
2023-02-26,64.8,48.6,56.8,0.0,18.8,50.0,1012.6
2023-02-27,66.4,47.8,56.9,0.0,12.1,57.3,1011.7
2023-02-28,67.3,47.9,58.0,0.0,5.5,56.5,1013.0
2023-03-01,67.0,46.7,56.7,0.0,13.5,58.2,1023.7
2023-03-02,65.6,45.4,55.0,0.45,9.7,63.9,1010.4
2023-03-03,62.4,47.7,55.3,0.0,14.5,60.6,1018.6
2023-03-04,67.5,48.6,57.8,0.0,12.2,60.9,1013.5
2023-03-05,63.0,48.4,55.8,0.0,2.8,68.0,1016.0
2023-03-06,64.4,46.7,55.2,0.0,5.0,58.1,1018.2
2023-03-07,67.3,50.5,59.1,0.0,12.8,71.1,1012.7
2023-03-08,65.9,50.6,57.7,0.0,9.6,58.6,1012.4
2023-03-09,74.3,57.8,65.9,0.0,4.9,62.5,1021.6
2023-03-10,56.9,36.6,47.4,0.0,6.5,60.8,1018.9
2023-03-11,72.8,53.7,64.5,0.0,1.4,63.0,1018.2
2023-03-12,75.3,57.0,65.4,0.07,10.6,64.8,1015.1
2023-03-13,59.3,43.6,50.7,1.34,19.8,64.9,1013.8
2023-03-14,66.0,51.0,58.8,0.0,12.2,59.1,1023.1
2023-03-15,69.0,50.3,58.9,0.0,17.8,57.4,1015.2
2023-03-16,62.6,43.7,54.5,0.0,12.5,75.7,1017.3
2023-03-17,66.3,50.0,57.6,0.13,15.1,61.0,1006.2
2023-03-18,66.1,46.3,56.3,0.19,18.9,67.0,1008.7
2023-03-19,77.8,62.0,69.5,0.0,10.5,55.7,1010.2
2023-03-20,73.3,55.1,66.1,0.0,8.3,62.5,1020.1
2023-03-21,76.3,59.3,67.8,0.0,13.1,63.4,1004.8
2023-03-22,76.4,55.5,65.6,0.0,14.8,66.6,1013.4
2023-03-23,67.1,49.2,57.6,0.0,7.1,50.8,1003.0
2023-03-24,70.3,51.1,60.6,0.0,6.1,65.5,1011.7
2023-03-25,74.9,57.6,65.4,0.0,9.6,59.1,1013.0
2023-03-26,65.8,50.4,58.0,0.0,12.3,66.6,1020.5
2023-03-27,75.7,56.2,67.0,0.0,12.2,60.0,1016.6
2023-03-28,73.0,52.3,63.0,0.0,3.3,61.1,1011.7
2023-03-29,70.1,52.1,62.7,0.37,18.6,64.2,1016.3
2023-03-30,75.9,58.3,67.8,0.0,6.4,60.5,1015.1
2023-03-31,75.0,56.7,66.9,0.0,7.9,63.6,1015.2
2023-04-01,72.3,56.3,63.6,0.0,5.4,60.2,1010.2
2023-04-02,81.7,62.4,70.7,0.1,21.8,57.2,1008.0
2023-04-03,68.2,52.7,60.9,0.0,10.0,71.6,1011.7
2023-04-04,78.0,59.3,68.9,0.0,5.6,60.3,1015.2
2023-04-05,76.8,60.7,69.1,0.0,12.5,66.0,1015.3
2023-04-06,76.2,57.7,65.3,0.0,12.1,70.9,1021.2
2023-04-07,75.9,59.1,68.5,0.0,8.2,64.3,1016.5
2023-04-08,70.3,51.4,61.7,0.0,12.4,63.4,1004.2
2023-04-09,81.7,63.2,71.8,0.0,5.7,68.9,1016.1
2023-04-10,76.9,59.6,67.1,0.0,7.0,73.5,1009.2
2023-04-11,74.6,58.1,65.9,0.0,1.0,62.3,1011.1
2023-04-12,81.6,65.3,73.3,0.0,3.7,67.6,1011.8
2023-04-13,74.3,57.5,65.7,0.0,16.2,59.9,1012.3
2023-04-14,70.9,53.2,62.8,0.0,15.6,66.8,1009.5
2023-04-15,70.3,53.0,62.4,0.0,9.3,69.1,1015.8
2023-04-16,81.4,62.7,72.5,0.0,15.7,64.9,1009.4
2023-04-17,72.4,55.9,64.3,0.0,8.4,67.1,1016.4
2023-04-18,86.4,68.0,78.3,0.0,8.0,62.5,1023.9
2023-04-19,70.9,53.5,61.3,0.0,9.2,70.2,1009.7
2023-04-20,89.5,69.8,78.6,0.0,8.5,75.3,1013.9
2023-04-21,81.7,62.1,72.3,0.0,8.1,64.7,1004.9
2023-04-22,78.5,63.5,71.2,0.0,13.6,67.3,1013.8
2023-04-23,76.8,62.0,69.5,0.05,11.6,73.1,1014.6
2023-04-24,84.8,63.5,74.0,0.0,11.8,76.9,1017.9
2023-04-25,80.6,64.0,72.4,0.0,13.1,63.6,1015.3
2023-04-26,85.2,68.1,77.8,0.0,10.6,70.4,1018.6
2023-04-27,83.1,66.6,73.7,0.0,5.1,72.9,1025.2
2023-04-28,83.6,64.4,74.1,0.0,3.6,71.1,1021.8
2023-04-29,81.7,63.9,72.1,0.57,11.6,59.5,1009.9
2023-04-30,81.9,66.6,73.8,0.0,8.3,74.6,1009.2
2023-05-01,82.8,66.3,75.8,0.0,9.3,79.9,1013.4
2023-05-02,77.9,59.0,67.0,0.0,8.9,73.0,1011.2
2023-05-03,76.9,60.4,68.9,0.0,19.3,67.5,1016.8
2023-05-04,88.3,71.3,78.6,0.16,5.7,70.3,1007.3
2023-05-05,86.2,68.8,76.4,0.0,1.0,81.9,1014.7
2023-05-06,84.5,66.9,75.1,0.0,10.3,77.8,1018.4
2023-05-07,84.5,68.9,76.3,0.0,7.5,76.7,1014.6
2023-05-08,86.1,67.4,78.0,0.03,12.3,75.4,1008.2
2023-05-09,83.7,67.3,74.4,0.0,11.3,70.5,1019.7
2023-05-10,84.0,64.6,73.6,0.56,16.1,73.0,1004.5
2023-05-11,89.0,70.8,78.2,0.0,3.0,73.9,1013.7
2023-05-12,80.7,65.0,73.2,0.0,6.8,77.2,1014.8
2023-05-13,87.4,69.1,79.8,0.07,12.7,82.2,1012.1
2023-05-14,81.3,62.9,70.6,0.95,14.1,80.4,1012.7
2023-05-15,93.1,72.3,83.1,0.0,17.8,67.9,1017.4
2023-05-16,91.4,73.1,80.9,1.85,14.8,76.3,1011.9
2023-05-17,88.0,70.2,80.2,0.2,10.8,79.1,1010.5
2023-05-18,93.1,74.6,83.8,2.39,7.4,78.7,1010.4
2023-05-19,96.9,76.6,87.1,0.0,6.7,72.6,1012.6
2023-05-20,94.2,75.2,84.4,2.24,8.6,90.5,1015.2
2023-05-21,80.5,62.7,71.9,0.7,13.6,69.7,1009.4
2023-05-22,81.7,66.9,74.7,0.0,10.0,70.9,1018.4
2023-05-23,87.2,70.2,77.9,2.64,5.7,77.6,1012.1
2023-05-24,89.1,70.4,81.1,2.42,9.3,87.2,1009.9
2023-05-25,92.3,75.2,83.5,0.62,14.5,72.6,1014.5
2023-05-26,89.0,69.7,78.2,0.0,10.4,75.6,1012.1
2023-05-27,91.1,72.5,82.5,0.52,13.3,82.5,1014.6
2023-05-28,88.9,70.2,78.5,0.0,10.5,77.2,1015.9
2023-05-29,87.2,68.6,79.4,0.0,15.5,75.8,1012.6
2023-05-30,85.8,66.1,76.1,0.33,11.9,80.4,1014.1
2023-05-31,89.4,69.1,78.5,0.0,7.5,79.1,1017.2
2023-06-01,84.2,66.3,76.8,0.08,7.3,83.1,1016.6
2023-06-02,85.8,71.5,78.7,1.19,12.0,84.5,1015.9
2023-06-03,96.8,80.1,88.1,0.2,2.8,79.8,1014.0
2023-06-04,86.7,70.5,79.3,0.44,10.3,79.8,1007.5
2023-06-05,105.6,87.7,95.6,0.07,10.2,79.6,1021.8
2023-06-06,96.9,76.3,86.2,0.33,5.5,81.1,1006.4
2023-06-07,93.8,74.4,85.1,1.54,7.3,79.1,1015.8
2023-06-08,88.6,71.9,80.6,0.0,12.2,79.0,1016.7
2023-06-09,96.5,79.4,87.8,0.26,11.9,85.1,1007.3
2023-06-10,92.1,71.4,82.3,0.0,9.4,86.8,1014.5
2023-06-11,92.6,76.8,85.6,0.67,12.2,71.8,1011.7
2023-06-12,106.1,87.8,96.8,2.17,11.4,79.5,1017.2
2023-06-13,94.4,76.6,85.0,1.51,16.0,76.2,1009.1
2023-06-14,100.3,80.1,90.8,0.76,11.5,78.2,1011.0
2023-06-15,90.6,73.3,82.6,1.17,5.2,81.9,1002.7
2023-06-16,95.7,75.7,85.8,0.0,15.5,83.3,1021.9
2023-06-17,101.5,83.8,94.1,0.0,10.5,79.5,1010.7
2023-06-18,91.3,75.1,83.5,0.0,6.6,70.6,1016.3
2023-06-19,105.1,85.9,94.6,2.5,6.0,75.5,1011.6
2023-06-20,99.7,79.4,89.8,0.0,10.6,84.9,1014.6
2023-06-21,91.3,75.8,84.2,0.82,10.5,66.8,1015.2
2023-06-22,97.7,79.6,89.8,0.79,17.3,86.5,1018.7
2023-06-23,99.3,80.7,91.4,0.0,7.6,83.3,1016.0
2023-06-24,98.1,80.5,90.0,0.0,5.7,87.4,1017.6
2023-06-25,88.2,70.3,80.3,1.12,14.6,79.9,1013.3
2023-06-26,91.4,74.0,84.2,0.57,14.7,70.7,1016.1
2023-06-27,95.3,76.1,86.5,1.31,11.7,83.2,1010.1
2023-06-28,97.3,78.8,87.4,0.0,11.7,87.5,1019.3
2023-06-29,100.0,83.4,90.6,0.18,10.8,85.8,1016.4
2023-06-30,98.4,80.1,88.7,0.0,9.9,78.0,1019.3
2023-07-01,89.3,72.3,82.0,0.55,15.7,81.8,1009.4
2023-07-02,100.6,81.0,89.8,1.22,13.5,78.7,1011.3
2023-07-03,101.3,81.0,91.0,0.3,10.3,77.4,1013.0
2023-07-04,101.0,82.4,90.8,1.07,16.4,86.3,1006.5
2023-07-05,103.5,83.7,93.2,2.2,2.5,75.6,1018.4
2023-07-06,102.9,84.5,92.2,0.0,17.2,77.2,1015.0
2023-07-07,99.8,80.6,90.6,0.0,2.2,76.2,1016.1
2023-07-08,96.1,79.1,88.3,0.0,6.5,74.3,1012.7
2023-07-09,90.7,73.4,81.2,0.0,8.8,82.5,1009.7
2023-07-10,100.6,82.5,90.7,0.0,8.4,87.6,1012.6
2023-07-11,99.7,79.7,89.7,3.15,15.0,80.9,1012.9
2023-07-12,99.1,81.1,90.0,0.0,4.8,74.3,1017.7
2023-07-13,90.4,75.2,83.1,0.11,12.0,86.1,1012.6
2023-07-14,92.5,73.2,84.0,0.02,8.7,90.4,1013.4
2023-07-15,104.3,83.8,93.7,0.18,12.2,78.7,1010.7
2023-07-16,98.1,77.9,88.8,5.8,10.7,79.6,1014.0
2023-07-17,101.2,83.3,92.0,0.21,11.4,84.6,1017.9
2023-07-18,97.2,80.2,89.1,0.0,6.8,90.1,1017.8
2023-07-19,97.6,78.5,89.1,1.98,9.0,79.4,1015.2
2023-07-20,103.8,84.1,93.2,0.02,12.1,75.3,1013.2
2023-07-21,96.3,76.8,86.7,0.97,14.8,85.2,1006.0
2023-07-22,99.6,81.4,89.4,0.34,8.6,86.0,1007.8
2023-07-23,95.7,78.1,86.9,2.08,7.5,82.0,1013.8
2023-07-24,96.5,79.5,87.0,0.35,13.5,79.2,1012.0
2023-07-25,95.5,79.7,87.6,1.22,10.9,86.9,1013.8
2023-07-26,99.7,82.9,89.9,1.18,14.3,84.6,1018.7
2023-07-27,95.4,79.6,86.7,0.0,5.4,78.1,1017.9
2023-07-28,103.3,83.6,94.5,0.0,1.9,82.1,1020.0
2023-07-29,94.4,76.8,84.8,0.55,8.9,75.1,1012.4
2023-07-30,98.7,78.3,87.9,0.36,7.9,85.3,1008.8
2023-07-31,94.0,76.4,86.7,1.74,10.7,80.5,1011.8
2023-08-01,105.4,85.9,95.1,0.0,6.5,79.6,1011.8
2023-08-02,97.6,81.8,89.5,0.64,14.0,81.6,1018.2
2023-08-03,101.9,83.2,93.1,0.98,9.8,81.9,1015.2
2023-08-04,88.8,72.3,81.7,0.0,9.6,86.1,1017.1
2023-08-05,97.8,79.6,89.6,1.84,11.6,84.5,1016.9
2023-08-06,101.3,82.2,92.3,0.58,11.8,80.7,1003.9
2023-08-07,95.8,77.6,88.5,0.34,10.9,85.3,1014.4
2023-08-08,101.8,83.6,92.9,0.0,11.0,83.4,1009.8
2023-08-09,96.4,77.3,85.6,0.0,5.8,79.2,1015.0
2023-08-10,101.6,84.6,94.2,0.0,14.6,80.6,1013.8
2023-08-11,108.2,90.8,98.1,0.61,10.1,80.4,1014.6
2023-08-12,94.7,75.4,86.0,0.1,5.8,83.6,1012.9
2023-08-13,95.1,78.0,85.5,0.0,9.8,79.2,1020.4
2023-08-14,102.0,85.6,93.9,0.0,5.6,79.0,1012.6
2023-08-15,102.0,84.1,94.4,0.23,13.7,90.7,1014.8
2023-08-16,92.4,75.4,84.8,0.0,17.8,85.5,1015.6
2023-08-17,92.4,76.5,85.1,0.27,7.9,76.9,1005.5
2023-08-18,93.3,76.7,85.6,0.92,12.3,83.4,1008.3
2023-08-19,90.3,70.2,80.7,0.0,2.0,81.1,1014.4
2023-08-20,92.9,74.1,82.4,0.63,12.8,82.3,1016.4
2023-08-21,92.1,71.4,81.9,0.0,5.5,80.9,1016.9
2023-08-22,92.5,75.4,82.8,0.24,8.5,86.1,1007.3
2023-08-23,93.3,75.8,85.9,0.18,6.6,81.8,1011.4
2023-08-24,95.1,76.6,86.9,0.0,11.9,79.6,1023.1
2023-08-25,100.9,85.0,92.7,0.0,13.0,85.0,1015.4
2023-08-26,89.0,72.3,81.0,0.56,11.1,80.9,1010.7
2023-08-27,98.8,82.1,89.8,0.04,7.5,80.2,1014.0
2023-08-28,93.3,74.4,84.2,0.0,15.4,81.0,1018.1
2023-08-29,93.2,75.6,84.7,0.85,8.0,78.8,1010.2
2023-08-30,96.2,78.3,87.8,0.0,0.4,79.2,1017.0
2023-08-31,89.8,71.7,79.5,0.0,10.8,76.1,1013.7
2023-09-01,96.2,78.2,86.1,0.21,6.6,75.2,1014.9
2023-09-02,93.1,77.7,84.9,0.31,15.0,73.8,1012.7
2023-09-03,96.8,77.9,86.2,1.75,9.5,71.7,1013.9
2023-09-04,95.8,75.8,85.0,0.0,11.4,74.1,1012.0
2023-09-05,102.9,84.1,94.5,0.15,16.6,77.5,1008.7
2023-09-06,88.8,70.7,80.4,0.72,6.2,78.7,1015.8
2023-09-07,89.7,71.9,80.7,0.25,8.7,76.7,1011.7
2023-09-08,90.8,69.2,80.0,0.07,10.7,66.1,1013.1
2023-09-09,90.6,70.2,80.1,0.41,17.2,85.6,1010.8
2023-09-10,86.9,68.8,79.5,0.16,8.4,83.0,1015.6
2023-09-11,96.0,78.3,87.4,0.0,6.6,79.6,1012.6
2023-09-12,97.5,80.2,88.2,0.0,10.9,86.8,1014.5
2023-09-13,88.0,71.8,79.0,0.0,6.7,72.2,1018.1
2023-09-14,85.4,67.7,77.6,0.01,11.6,86.3,1016.7
2023-09-15,93.7,75.7,83.2,1.73,4.8,71.9,1009.9
2023-09-16,88.1,70.1,78.4,0.0,17.9,77.8,1022.8
2023-09-17,93.8,74.3,83.4,0.98,5.6,70.0,1013.3
2023-09-18,91.7,72.0,81.2,0.0,7.7,76.3,1010.8
2023-09-19,83.2,63.8,73.2,0.0,8.9,78.0,1016.5
2023-09-20,95.5,79.1,86.7,0.4,18.7,75.1,1010.5
2023-09-21,97.0,79.1,87.6,0.0,3.7,79.2,1016.7
2023-09-22,84.1,67.0,76.5,0.0,16.9,76.0,1014.8
2023-09-23,86.9,66.3,77.2,0.22,14.0,72.7,1012.3
2023-09-24,87.7,70.1,80.0,0.59,12.7,72.3,1008.4
2023-09-25,89.7,69.2,79.9,1.13,7.1,79.0,1016.0
2023-09-26,89.0,71.0,81.1,0.32,13.3,71.5,1007.4
2023-09-27,94.3,77.5,86.9,0.01,8.1,79.1,1007.6
2023-09-28,84.4,69.0,76.7,0.77,16.1,80.5,1013.5
2023-09-29,80.7,64.0,73.7,0.0,5.1,65.8,1021.4
2023-09-30,80.6,61.3,70.8,3.46,10.5,79.6,1010.6
2023-10-01,83.3,64.0,73.4,0.93,8.8,84.1,1014.8
2023-10-02,85.3,67.3,76.2,0.0,5.0,74.8,1019.3
2023-10-03,91.8,75.0,84.2,0.89,14.0,76.4,1015.3
2023-10-04,80.8,65.1,73.5,0.0,11.1,78.4,1013.8
2023-10-05,83.6,67.4,76.5,1.85,15.8,71.6,1007.6
2023-10-06,82.8,67.3,75.1,0.41,3.9,73.7,1003.2
2023-10-07,90.8,70.0,80.2,0.28,15.3,66.0,1010.9
2023-10-08,93.9,78.2,85.9,0.0,19.0,73.1,1019.7
2023-10-09,80.3,64.5,71.9,0.74,9.2,74.7,1007.5
2023-10-10,79.2,63.0,71.8,0.0,16.6,74.6,1017.8
2023-10-11,86.2,68.7,78.4,0.73,9.9,77.1,1008.2
2023-10-12,85.5,67.7,76.4,0.07,5.5,67.7,1012.4
2023-10-13,90.8,73.3,81.4,1.35,9.8,68.7,1014.8
2023-10-14,83.3,66.1,75.4,0.0,13.2,80.6,1012.4
2023-10-15,78.0,62.4,70.8,0.0,5.6,70.2,1015.7
2023-10-16,83.3,64.0,74.8,1.15,8.6,71.7,1010.3
2023-10-17,84.7,66.1,76.8,0.58,13.4,70.2,1014.8
2023-10-18,83.1,66.2,75.2,2.31,11.0,66.2,1012.9
2023-10-19,84.3,65.2,73.5,1.96,13.3,78.2,1012.2
2023-10-20,85.1,65.7,75.7,0.78,12.0,67.3,1018.2
2023-10-21,85.1,68.7,75.8,0.0,10.9,64.1,1017.6
2023-10-22,85.1,67.6,76.5,0.0,7.3,67.3,1012.2
2023-10-23,81.6,64.5,72.9,0.72,11.9,59.3,1011.7
2023-10-24,78.1,58.2,68.9,0.39,7.3,65.8,1011.7
2023-10-25,79.8,63.0,70.0,0.0,14.2,64.1,1015.3
2023-10-26,84.3,65.2,74.5,0.0,6.5,71.8,1025.1
2023-10-27,72.7,55.1,65.0,0.52,15.5,65.1,1013.5
2023-10-28,79.1,61.1,70.1,0.0,8.1,72.7,1006.9
2023-10-29,75.0,59.0,66.3,0.0,9.8,75.1,1012.8
2023-10-30,78.4,57.0,67.9,0.0,7.0,71.8,1007.3
2023-10-31,82.8,64.2,73.3,0.0,4.9,66.6,1013.7
2023-11-01,77.2,58.6,68.1,0.15,4.0,68.2,1004.1
2023-11-02,74.6,59.2,67.1,0.0,4.8,59.6,1011.5
2023-11-03,69.9,51.5,60.5,0.0,7.7,66.4,1008.9
2023-11-04,77.1,60.9,69.7,0.48,11.8,62.6,1013.5
2023-11-05,77.2,61.6,68.9,0.0,13.0,70.1,1015.0
2023-11-06,83.0,68.0,75.4,0.0,7.2,79.3,1016.2
2023-11-07,73.8,53.7,64.0,0.0,5.5,68.8,1014.6
2023-11-08,73.9,58.1,66.1,0.0,3.2,56.1,1009.4
2023-11-09,74.5,58.2,65.9,0.0,10.9,64.1,1017.1
2023-11-10,82.2,62.6,71.6,0.0,14.5,66.3,1022.7
2023-11-11,71.6,53.7,63.8,0.0,14.1,65.9,1016.6
2023-11-12,74.2,58.0,65.2,0.0,11.8,61.6,1013.3
2023-11-13,75.1,57.1,66.4,0.0,11.6,66.3,1009.3
2023-11-14,71.3,56.8,64.2,0.19,17.8,58.7,1008.4
2023-11-15,71.3,54.0,61.1,0.0,10.3,60.0,1016.8
2023-11-16,71.0,56.5,63.7,0.0,11.6,67.8,1019.3
2023-11-17,76.3,57.1,67.4,0.0,7.7,59.3,1016.0
2023-11-18,66.9,50.2,57.7,0.0,3.6,66.9,1018.2
2023-11-19,72.1,55.4,62.6,0.0,6.3,57.2,1017.8
2023-11-20,68.4,49.8,58.6,0.04,11.0,72.7,1014.0
2023-11-21,74.9,56.5,66.9,0.0,9.2,59.8,1012.4
2023-11-22,61.4,46.3,54.4,0.0,16.7,62.4,1015.7
2023-11-23,68.3,49.8,58.5,0.0,9.3,65.0,1011.6
2023-11-24,71.6,55.2,62.4,0.08,15.7,60.3,1012.1
2023-11-25,77.8,58.7,67.5,0.0,7.3,63.7,1016.3
2023-11-26,70.2,50.6,59.9,0.0,7.8,65.7,1021.7
2023-11-27,67.8,48.2,57.5,0.0,3.7,67.4,1009.8
2023-11-28,77.1,59.9,68.2,0.0,6.0,66.4,1016.9
2023-11-29,61.3,44.7,53.0,0.0,11.1,61.5,1020.9
2023-11-30,59.5,41.9,49.3,0.14,11.0,61.4,1015.0
2023-12-01,69.8,52.5,61.0,0.0,12.8,73.8,1018.3
2023-12-02,64.3,49.1,56.5,0.24,11.7,66.6,1014.4
2023-12-03,64.4,43.9,54.0,0.0,7.6,57.1,1020.2
2023-12-04,72.1,50.7,61.5,0.0,17.6,62.1,1010.7
2023-12-05,68.1,48.3,59.2,0.0,8.6,59.7,1009.5
2023-12-06,62.7,44.9,55.4,0.0,13.7,60.6,1015.0
2023-12-07,60.5,42.5,51.9,0.0,7.4,55.0,1006.4
2023-12-08,71.6,51.6,61.4,0.0,11.8,58.9,1019.9
2023-12-09,70.8,52.1,60.2,0.0,12.7,69.9,1019.9
2023-12-10,64.5,47.1,56.6,0.0,9.8,63.6,1013.3
2023-12-11,72.5,56.4,65.2,0.0,0.4,48.1,1013.5
2023-12-12,62.4,43.0,51.9,0.07,11.1,66.5,1011.7
2023-12-13,58.2,39.6,49.6,0.0,13.9,65.8,1015.2
2023-12-14,62.4,45.1,53.2,0.0,11.1,58.4,1015.5
2023-12-15,66.8,47.7,55.9,0.28,12.8,63.7,1014.2
2023-12-16,64.3,46.4,57.1,0.0,2.1,55.7,1014.3
2023-12-17,64.3,47.5,54.7,0.0,6.1,57.5,1018.8
2023-12-18,64.5,48.3,57.2,0.05,12.6,67.3,1013.8
2023-12-19,58.4,39.2,49.9,0.0,10.6,58.3,1012.6
2023-12-20,72.0,52.4,61.8,0.0,13.9,50.2,1020.3
2023-12-21,63.5,45.6,54.8,0.0,8.4,59.1,1009.6
2023-12-22,71.1,52.1,60.1,0.14,12.6,59.0,1011.6
2023-12-23,65.7,48.1,56.4,0.0,9.1,65.3,1018.9
2023-12-24,65.1,46.4,56.8,0.0,5.1,59.2,1012.1
2023-12-25,65.1,48.0,57.2,0.0,0.0,57.0,1016.2
2023-12-26,64.9,47.5,56.5,0.0,10.7,64.2,1017.2
2023-12-27,65.8,49.9,57.3,0.0,9.7,59.5,1011.6
2023-12-28,67.5,53.2,60.2,0.0,6.5,55.1,1014.7
2023-12-29,63.5,44.2,55.0,0.0,2.5,64.5,1014.4
2023-12-30,66.1,48.7,57.2,0.0,11.5,59.7,1012.8
2023-12-31,63.4,44.1,53.5,0.0,7.9,58.6,1024.2
2024-01-01,69.9,53.0,60.3,0.0,11.2,59.4,1011.9
2024-01-02,60.5,41.0,50.7,0.0,16.5,53.1,1019.0
2024-01-03,68.8,51.0,61.8,0.02,2.4,55.8,1010.4
2024-01-04,61.3,44.1,53.4,0.0,6.2,58.4,1010.7
2024-01-05,56.7,39.6,47.1,0.0,8.2,57.4,1015.4
2024-01-06,62.9,44.7,54.0,0.0,14.8,64.6,1017.6
2024-01-07,57.3,40.2,50.3,0.0,2.5,59.3,1018.7
2024-01-08,67.3,48.5,57.1,0.0,16.7,62.5,1021.2
2024-01-09,60.4,39.8,50.3,0.0,9.5,58.2,1026.8
2024-01-10,60.4,41.6,51.2,0.05,10.6,63.4,1013.0
2024-01-11,51.9,34.1,44.7,0.0,8.2,60.1,1012.3
2024-01-12,61.1,41.6,51.1,0.0,7.3,58.1,1016.8
2024-01-13,51.5,34.7,42.2,0.0,13.2,58.0,1013.9
2024-01-14,56.1,37.7,45.9,0.0,4.7,53.3,1018.7
2024-01-15,66.5,48.7,56.5,0.0,10.4,60.6,1009.8
2024-01-16,66.8,45.9,56.6,0.0,7.5,57.8,1024.5
2024-01-17,64.0,44.9,54.9,0.64,8.0,55.5,1015.4
2024-01-18,56.2,38.9,48.6,0.0,19.3,63.5,1008.3
2024-01-19,62.5,44.6,52.8,0.0,10.7,51.7,1012.2
2024-01-20,62.5,45.3,53.0,0.0,11.5,55.9,1018.3
2024-01-21,57.8,37.8,47.8,0.0,13.6,63.1,1019.7
2024-01-22,67.5,50.9,59.8,0.0,3.3,59.6,1009.9
2024-01-23,64.8,49.1,57.0,0.0,16.0,57.8,1017.9
2024-01-24,62.6,42.6,52.1,0.0,1.0,59.3,1007.2
2024-01-25,63.2,46.1,53.2,0.0,5.9,59.0,1014.6
2024-01-26,64.7,45.8,54.1,0.37,9.2,50.5,1016.4
2024-01-27,54.0,35.1,44.0,0.43,13.3,56.4,1009.8
2024-01-28,61.5,44.5,52.1,0.0,9.9,66.2,1009.0
2024-01-29,59.8,39.3,50.2,0.0,8.3,54.9,1015.6
2024-01-30,59.4,41.0,48.8,0.0,9.0,56.6,1012.6
2024-01-31,61.5,44.6,52.1,0.15,7.1,55.6,1014.5
2024-02-01,71.1,53.7,61.6,0.0,3.0,57.9,1011.5
2024-02-02,64.1,46.4,56.4,0.0,11.9,55.4,1011.9
2024-02-03,59.9,42.3,51.1,0.0,11.8,60.8,1006.9
2024-02-04,66.1,47.0,56.3,0.0,15.3,59.5,1015.7
2024-02-05,68.2,53.0,60.1,0.0,5.8,62.4,1014.4
2024-02-06,65.9,50.9,58.0,0.0,11.8,53.3,1010.2
2024-02-07,62.5,45.5,54.3,0.37,9.9,57.0,1012.8
2024-02-08,59.1,40.9,51.2,0.0,13.8,57.6,1019.1
2024-02-09,65.2,46.8,57.3,0.0,13.1,61.1,1014.1
2024-02-10,64.8,48.7,56.1,0.0,9.8,54.9,1016.1
2024-02-11,69.1,49.3,58.5,0.0,7.6,63.5,1016.1
2024-02-12,66.4,46.8,57.4,0.0,12.8,65.0,1010.2
2024-02-13,67.2,50.9,59.4,0.0,11.6,54.2,1023.2
2024-02-14,59.7,42.1,52.4,0.25,8.3,56.8,1010.1
2024-02-15,70.7,53.3,60.9,0.0,3.7,56.6,1017.6
2024-02-16,64.5,45.2,56.0,0.0,7.8,72.6,1018.1
2024-02-17,74.9,54.6,64.6,0.0,15.1,57.3,1014.4
2024-02-18,61.9,41.5,52.3,0.0,13.6,68.0,1017.4
2024-02-19,73.5,53.7,63.4,0.0,4.6,53.4,1016.0
2024-02-20,64.7,48.1,56.6,0.0,4.3,54.9,1009.3
2024-02-21,62.7,42.2,52.9,0.0,14.1,56.5,1013.7
2024-02-22,61.9,45.8,53.9,0.0,4.5,55.8,1012.5
2024-02-23,65.5,46.4,54.8,0.0,11.0,58.8,1013.2
2024-02-24,67.9,48.5,58.3,0.73,8.5,56.7,1006.8
2024-02-25,67.2,48.9,58.9,0.0,15.5,56.3,1019.5
2024-02-26,62.3,43.5,54.2,0.0,5.9,66.3,1021.4
2024-02-27,64.6,49.0,56.9,0.0,13.6,66.8,1018.9
2024-02-28,76.6,56.6,66.8,0.0,9.7,65.5,1020.1
2024-02-29,73.0,55.2,65.1,0.0,10.0,63.5,1013.6
2024-03-01,68.9,52.3,59.5,0.0,1.1,61.5,1012.5
2024-03-02,66.0,49.4,57.9,0.0,0.2,58.7,1011.9
2024-03-03,68.2,50.4,58.5,0.0,8.1,56.6,1017.6
2024-03-04,71.2,52.7,61.0,0.01,12.0,63.3,1012.9
2024-03-05,63.9,42.9,53.8,0.0,4.5,55.7,1014.7
2024-03-06,67.5,47.9,57.5,0.0,4.6,56.8,1020.2
2024-03-07,59.1,41.5,51.4,0.05,13.2,67.7,1013.6
2024-03-08,68.2,50.0,60.9,0.0,11.3,71.6,1011.6
2024-03-09,72.0,53.7,62.2,0.0,8.4,64.2,1012.3
2024-03-10,65.9,47.2,57.4,0.0,12.1,67.9,1017.7
2024-03-11,75.6,58.2,66.9,0.0,4.3,61.3,1019.2
2024-03-12,61.7,44.1,54.5,0.0,7.6,56.0,1017.2
2024-03-13,61.7,46.0,53.7,0.0,15.6,65.9,1022.6
2024-03-14,68.7,50.8,61.6,0.0,9.3,65.9,1021.5
2024-03-15,76.0,57.6,65.5,0.0,9.5,63.6,1016.8
2024-03-16,76.6,60.3,68.6,0.0,18.2,62.2,1011.6
2024-03-17,68.5,49.2,59.3,0.0,3.4,68.4,1009.8
2024-03-18,73.6,57.9,66.4,0.0,12.2,58.8,1013.5
2024-03-19,71.3,52.2,61.7,0.0,15.7,60.0,1018.0
2024-03-20,69.6,52.6,61.3,0.0,7.7,59.0,1022.3
2024-03-21,77.0,56.4,66.4,0.15,14.4,64.7,1013.7
2024-03-22,76.1,57.7,65.6,0.0,5.1,59.0,1019.7
2024-03-23,64.1,48.6,55.8,0.0,6.3,61.2,1014.0
2024-03-24,80.5,61.7,69.9,0.0,10.5,61.3,1017.5
2024-03-25,80.7,60.8,69.7,0.0,14.2,63.7,1015.3
2024-03-26,71.3,53.3,61.0,0.0,13.5,57.7,1007.1
2024-03-27,76.2,57.4,65.8,0.0,15.3,65.8,1013.3
2024-03-28,74.6,58.0,66.6,0.0,8.7,71.8,1018.8
2024-03-29,75.1,58.6,65.8,0.0,13.8,66.4,1016.1
2024-03-30,69.7,53.1,62.5,0.0,7.6,73.7,1010.2
2024-03-31,69.6,51.7,62.2,0.0,12.6,72.8,1005.3
2024-04-01,76.4,57.8,65.4,0.0,9.8,70.2,1013.5
2024-04-02,79.4,61.7,71.1,0.2,12.8,66.9,1011.7
2024-04-03,78.5,58.9,68.6,0.0,10.7,66.9,1011.5
2024-04-04,75.0,56.1,64.7,0.0,2.6,70.8,1015.6
2024-04-05,80.6,60.4,70.2,0.0,4.5,65.2,1017.0
2024-04-06,65.2,45.5,54.2,0.0,9.4,57.9,1017.7
2024-04-07,80.4,63.5,72.5,0.0,2.3,70.0,1005.6
2024-04-08,66.9,52.8,59.8,0.0,12.3,62.1,1009.7
2024-04-09,74.9,56.5,66.3,0.0,12.5,63.1,1013.8
2024-04-10,70.7,53.5,63.2,0.0,10.3,68.2,1017.3
2024-04-11,69.8,55.6,62.7,0.11,6.5,67.9,1014.0
2024-04-12,82.5,65.6,74.1,0.0,14.5,61.5,1016.9
2024-04-13,77.2,56.1,67.0,1.38,19.1,69.6,1010.5
2024-04-14,80.3,62.3,71.0,0.0,9.6,73.8,1013.7
2024-04-15,77.8,60.5,69.6,0.0,13.0,63.5,1009.1
2024-04-16,81.8,61.6,72.2,0.0,9.8,75.7,1018.1
2024-04-17,78.7,60.9,70.7,0.0,11.1,61.8,1011.3
2024-04-18,72.0,55.6,64.9,0.0,8.5,80.4,1018.4
2024-04-19,85.5,65.3,75.5,0.0,8.9,67.9,1015.8
2024-04-20,78.6,58.6,69.1,1.0,14.6,70.9,1011.8
2024-04-21,74.7,55.8,64.6,0.0,18.4,61.0,1012.4
2024-04-22,77.2,61.1,70.0,0.0,3.4,70.3,1009.6
2024-04-23,89.3,70.4,79.0,0.0,8.6,72.0,1012.4
2024-04-24,85.9,65.5,76.4,0.0,4.3,70.6,1013.7
2024-04-25,80.5,61.5,71.3,0.0,15.4,68.4,1005.5
2024-04-26,81.1,64.3,71.6,0.0,6.6,66.7,1014.2
2024-04-27,82.5,61.6,72.0,0.0,3.2,77.3,1018.7
2024-04-28,92.5,74.2,83.1,0.0,11.6,72.0,1017.3
2024-04-29,85.1,68.5,75.8,0.0,16.0,79.8,1013.0
2024-04-30,87.3,67.1,76.3,0.0,11.7,69.6,1015.2
2024-05-01,89.4,70.7,79.3,0.0,9.8,70.3,1012.8
2024-05-02,84.8,65.6,76.1,0.53,12.6,76.7,1012.6
2024-05-03,84.0,66.3,74.1,0.0,14.7,64.7,1021.2
2024-05-04,83.3,64.4,74.7,0.0,5.5,67.0,1018.9
2024-05-05,83.5,66.3,75.6,0.0,8.6,78.7,1017.1
2024-05-06,85.4,68.8,76.0,0.23,9.2,67.6,1010.0
2024-05-07,90.5,68.9,79.8,0.25,6.3,64.6,1015.0
2024-05-08,87.7,68.0,77.0,0.0,7.7,83.2,1008.3
2024-05-09,88.7,72.2,80.4,0.0,13.4,67.1,1014.0
2024-05-10,86.1,68.1,77.0,0.89,13.3,75.2,1014.3
2024-05-11,85.9,67.6,78.0,0.79,13.6,74.8,1015.0
2024-05-12,79.9,60.7,68.9,0.04,11.6,60.6,1014.7
2024-05-13,93.3,74.6,82.3,0.0,11.1,73.5,1016.2
2024-05-14,89.7,72.5,80.1,1.85,7.8,77.2,1011.2
2024-05-15,93.5,75.1,83.3,0.18,9.8,77.0,1014.2
2024-05-16,75.9,55.9,66.0,0.0,9.8,79.9,1011.2
2024-05-17,98.1,79.8,88.7,0.95,12.1,73.6,1008.6
2024-05-18,86.2,71.1,79.0,0.19,12.3,79.3,1012.2
2024-05-19,93.7,77.2,84.9,0.0,8.4,72.5,1015.7
2024-05-20,85.2,67.1,75.5,0.0,7.5,69.0,1007.7
2024-05-21,92.9,72.4,83.2,0.53,23.6,69.8,1013.8
2024-05-22,84.4,67.6,75.9,0.27,14.6,69.1,1015.1
2024-05-23,88.9,67.2,78.1,0.2,12.7,81.7,1011.7
2024-05-24,97.5,80.9,89.8,1.16,10.1,69.2,1021.5
2024-05-25,89.6,72.9,80.6,0.0,7.2,78.3,1012.3
2024-05-26,92.4,72.1,82.7,1.08,10.5,75.8,1010.6
2024-05-27,95.7,77.0,85.9,0.0,10.2,76.8,1013.4
2024-05-28,94.0,74.6,84.4,0.0,1.5,84.3,1014.7
2024-05-29,91.2,72.2,83.1,0.52,4.7,75.4,1010.7
2024-05-30,91.9,77.1,84.3,0.39,8.5,80.8,1006.4
2024-05-31,103.3,86.3,93.7,0.65,11.8,78.1,1009.8
2024-06-01,92.3,73.0,82.9,0.0,8.0,77.3,1014.6
2024-06-02,92.0,76.1,84.3,0.0,14.9,89.7,1019.9
2024-06-03,98.1,80.6,88.3,2.78,5.1,71.2,1020.8
2024-06-04,97.6,81.6,88.8,0.0,6.0,85.0,1020.3
2024-06-05,99.0,82.3,89.4,2.09,17.1,82.0,1008.9
2024-06-06,97.5,77.0,87.1,0.0,9.5,76.4,1012.2
2024-06-07,87.0,71.8,79.3,2.8,14.5,87.1,1011.4
2024-06-08,99.1,83.1,92.0,0.3,19.2,69.9,1019.1
2024-06-09,89.8,70.3,79.7,0.0,6.2,76.6,1014.3
2024-06-10,95.8,77.7,86.4,0.34,10.6,73.3,1006.7
2024-06-11,91.6,74.7,81.8,1.82,9.9,81.5,1010.0
2024-06-12,95.5,75.0,85.1,0.01,3.2,74.0,1015.0
2024-06-13,97.3,80.0,87.1,0.87,9.8,81.9,1014.8
2024-06-14,98.1,77.2,87.2,0.44,14.5,78.9,1011.2
2024-06-15,97.0,77.3,87.9,0.0,11.2,77.6,1017.7
2024-06-16,102.3,84.7,93.4,1.09,13.5,82.0,1002.9
2024-06-17,96.9,79.2,88.3,2.0,9.5,78.9,1012.4
2024-06-18,93.0,76.4,85.4,0.0,6.4,74.9,1018.4
2024-06-19,100.2,82.4,90.9,2.01,16.1,94.4,1008.7
2024-06-20,100.2,81.6,92.1,0.32,9.0,78.1,1008.7
2024-06-21,92.1,70.8,81.4,0.0,10.2,69.5,1007.5
2024-06-22,99.1,81.4,89.7,0.0,9.7,76.5,1021.4
2024-06-23,99.7,80.9,90.3,0.0,14.8,74.5,1012.1
2024-06-24,94.4,75.3,86.0,0.0,12.9,85.0,1016.0
2024-06-25,100.8,82.8,93.6,1.14,5.8,82.6,1014.4
2024-06-26,94.0,77.9,86.9,0.0,4.2,83.0,1021.0
2024-06-27,96.9,79.4,88.3,1.4,13.3,79.3,1011.4
2024-06-28,94.4,78.9,87.0,0.0,8.7,79.8,1012.8
2024-06-29,97.4,77.1,88.0,0.07,9.2,79.4,1012.7
2024-06-30,93.6,75.5,83.1,0.0,13.1,80.9,1020.1
2024-07-01,92.2,72.3,81.6,0.0,9.7,85.6,1014.3
2024-07-02,105.0,87.3,95.4,0.0,9.2,83.2,1011.2
2024-07-03,92.3,76.4,84.5,0.09,14.1,84.0,1005.8
2024-07-04,94.4,75.3,83.9,0.59,9.5,84.1,1007.1
2024-07-05,89.3,67.8,78.8,0.0,15.3,86.1,1018.5
2024-07-06,93.4,78.4,85.7,0.0,5.8,83.1,1013.7
2024-07-07,92.6,73.3,82.6,1.34,13.6,83.5,1009.6
2024-07-08,104.2,88.7,96.0,0.0,14.7,87.7,1012.1
2024-07-09,103.5,85.6,93.3,0.0,3.5,78.5,1015.3
2024-07-10,96.7,76.9,85.7,1.48,9.6,77.6,1011.0
2024-07-11,106.1,89.9,99.0,0.0,13.6,75.9,1013.9
2024-07-12,103.9,85.2,93.3,1.07,15.6,82.8,1017.4
2024-07-13,96.9,79.2,87.4,0.85,10.3,72.7,1018.2
2024-07-14,88.6,70.3,77.7,0.01,8.1,84.3,1005.6
2024-07-15,108.1,91.0,99.3,1.25,14.8,81.4,1013.3
2024-07-16,93.1,71.9,82.7,0.0,13.7,87.7,1011.9
2024-07-17,88.8,70.8,81.6,3.0,6.3,78.6,1011.0
2024-07-18,101.9,85.3,93.6,0.0,4.2,81.0,1016.2
2024-07-19,107.2,90.7,100.0,0.0,9.9,87.6,1014.1
2024-07-20,106.1,84.6,95.2,0.0,11.5,88.9,1015.9
2024-07-21,101.8,84.5,91.5,0.24,9.8,78.6,1014.7
2024-07-22,102.1,81.4,91.7,0.0,11.7,82.9,1016.2
2024-07-23,103.6,82.0,92.8,0.68,8.2,83.4,1009.4
2024-07-24,99.7,85.0,92.4,0.37,2.5,83.8,1009.5
2024-07-25,98.7,82.5,90.2,0.76,9.3,80.6,1006.2
2024-07-26,96.6,78.5,89.3,0.19,11.3,88.3,1008.6
2024-07-27,96.4,79.4,88.6,0.0,7.9,72.4,1022.8
2024-07-28,93.3,78.3,85.4,0.12,6.4,79.8,1008.8
2024-07-29,96.4,79.5,87.5,0.0,1.7,84.1,1010.2
2024-07-30,89.2,72.3,81.1,2.57,8.9,84.1,1013.3
2024-07-31,95.6,78.4,88.2,0.78,14.6,88.5,1011.6
2024-08-01,91.8,74.2,84.1,0.0,14.0,87.7,1014.2
2024-08-02,91.1,72.6,83.5,0.0,13.8,80.2,1020.6
2024-08-03,100.1,81.1,89.2,1.04,7.7,88.1,1014.2
2024-08-04,104.6,85.5,94.6,0.44,6.4,78.0,1009.9
2024-08-05,103.3,83.3,92.4,0.38,13.0,86.2,1010.3
2024-08-06,89.9,72.5,81.1,0.91,13.5,90.5,1010.0
2024-08-07,91.7,75.9,83.6,0.0,10.6,87.5,1018.5
2024-08-08,102.4,81.3,92.2,0.0,0.9,81.8,1013.8
2024-08-09,91.8,73.0,83.5,0.35,7.5,79.6,1004.8
2024-08-10,94.9,77.8,86.8,0.0,8.9,73.5,1014.8
2024-08-11,98.1,80.7,90.1,0.09,12.9,82.7,1005.9
2024-08-12,90.7,75.3,83.2,0.06,14.1,75.4,1020.7
2024-08-13,95.9,78.7,87.9,0.31,11.6,77.0,1008.1
2024-08-14,89.7,71.5,81.3,0.0,10.3,74.9,1014.4
2024-08-15,94.1,75.4,84.4,0.12,11.3,78.5,1013.0
2024-08-16,95.7,77.5,88.4,1.76,13.7,80.5,1010.8
2024-08-17,87.5,70.2,79.7,0.04,12.3,81.9,1010.8
2024-08-18,98.9,80.2,88.7,1.13,11.3,77.5,1013.7
2024-08-19,94.0,76.4,86.5,0.0,7.9,85.7,1021.1
2024-08-20,97.2,81.2,88.9,2.15,11.3,79.2,1015.1
2024-08-21,97.7,78.7,87.2,0.7,12.9,76.2,1017.9
2024-08-22,99.8,83.8,92.2,0.0,10.1,81.2,1010.8
2024-08-23,93.8,77.7,86.5,0.0,10.5,89.7,1016.3
2024-08-24,92.7,73.7,83.8,0.0,14.4,81.5,1015.6
2024-08-25,94.3,77.1,86.1,0.87,12.1,77.9,1013.4
2024-08-26,97.0,77.6,87.8,0.13,8.4,71.9,1017.5
2024-08-27,95.6,76.1,85.4,6.1,14.5,78.3,1011.1
2024-08-28,92.7,76.8,85.1,0.58,5.5,80.5,1010.4
2024-08-29,90.9,71.4,81.6,0.0,4.7,77.2,1017.1
2024-08-30,90.6,73.6,81.6,1.3,12.3,70.7,1004.9
2024-08-31,85.6,70.2,78.0,0.48,13.1,74.7,1011.1
2024-09-01,101.5,83.0,92.0,1.88,6.0,86.0,1011.5
2024-09-02,86.4,70.3,78.3,0.64,9.5,85.8,1008.3
2024-09-03,89.6,73.6,80.6,0.0,6.6,74.0,1019.2
2024-09-04,87.6,70.7,80.3,0.12,9.1,81.7,1007.8
2024-09-05,96.1,78.3,87.3,1.97,14.8,72.3,1011.5
2024-09-06,89.9,72.9,81.7,1.4,13.8,85.1,1013.2
2024-09-07,98.7,77.6,88.4,0.25,10.9,79.1,1017.4
2024-09-08,86.8,70.3,79.5,0.16,8.8,82.5,1012.0
2024-09-09,92.3,73.1,83.6,0.0,3.6,69.0,1018.7
2024-09-10,87.2,70.8,78.3,3.92,16.7,80.8,1014.8
2024-09-11,101.4,82.2,91.5,0.0,11.4,77.2,1015.5
2024-09-12,85.6,65.8,76.3,0.0,6.2,81.3,1010.6
2024-09-13,92.4,73.4,82.7,0.0,11.9,81.5,1009.3
2024-09-14,94.1,74.1,84.0,0.0,8.7,77.1,1015.4
2024-09-15,93.2,74.2,82.7,0.89,9.9,73.6,1009.8
2024-09-16,88.0,72.4,79.7,3.21,12.7,80.3,1015.7
2024-09-17,88.9,70.9,79.7,0.76,8.0,75.9,1015.0
2024-09-18,90.6,71.7,80.2,0.0,7.6,71.7,1014.3
2024-09-19,90.1,68.7,79.1,0.0,9.5,71.3,1010.4
2024-09-20,94.4,75.9,83.8,0.0,7.0,68.3,1017.0
2024-09-21,97.7,78.3,89.2,0.4,13.7,72.9,1007.9
2024-09-22,84.2,65.6,76.5,0.0,16.5,80.8,1012.0
2024-09-23,81.5,64.5,72.5,3.16,8.0,76.0,1008.1
2024-09-24,88.0,69.6,78.0,2.06,4.3,72.3,1011.4
2024-09-25,98.7,79.1,89.7,0.27,3.0,78.8,1016.7
2024-09-26,83.1,63.3,74.2,0.26,10.4,70.4,1012.0
2024-09-27,95.3,76.1,84.9,0.24,8.3,74.8,1010.2
2024-09-28,93.2,76.5,84.8,2.69,11.8,73.3,1005.9
2024-09-29,84.9,65.4,74.5,2.01,11.5,77.9,1014.2
2024-09-30,87.9,69.5,79.2,0.0,2.6,65.9,1011.9
2024-10-01,92.0,75.6,83.7,0.0,1.7,69.3,1015.5
2024-10-02,83.2,64.4,74.4,0.0,10.2,65.2,1013.6
2024-10-03,84.9,67.7,74.9,0.66,11.5,71.9,1015.4
2024-10-04,80.4,65.7,72.9,0.0,7.3,79.0,1014.4
2024-10-05,78.4,62.1,70.6,0.0,2.4,70.3,1014.8
2024-10-06,82.8,63.5,72.0,0.03,12.9,70.0,1013.9
2024-10-07,76.8,60.8,69.1,0.15,16.1,76.7,1020.4
2024-10-08,83.7,65.5,74.4,2.29,12.1,77.5,1015.6
2024-10-09,79.8,62.2,70.5,1.46,7.6,71.5,1011.6
2024-10-10,83.7,66.9,74.7,0.0,9.2,75.2,1015.0
2024-10-11,75.9,58.1,66.4,0.0,3.5,66.2,1012.9
2024-10-12,82.5,63.6,74.5,0.49,15.2,78.3,1008.2
2024-10-13,85.7,67.8,76.5,0.0,9.3,81.9,1012.8
2024-10-14,71.9,54.7,63.5,0.0,1.9,73.6,1011.9
2024-10-15,83.5,64.5,73.8,0.0,7.8,60.3,1017.6
2024-10-16,84.9,66.4,77.3,1.35,12.9,67.8,1007.7
2024-10-17,75.3,58.1,66.1,0.0,7.7,73.4,1020.3
2024-10-18,86.5,69.0,78.7,0.43,9.9,68.0,1015.0
2024-10-19,80.9,62.9,72.8,0.67,6.1,76.3,1012.1
2024-10-20,75.3,58.0,67.4,0.42,13.3,72.7,1012.0
2024-10-21,77.7,62.7,70.0,1.48,8.4,66.0,1009.8
2024-10-22,82.8,62.8,72.5,0.0,0.4,69.5,1016.1
2024-10-23,78.1,62.7,70.0,0.16,9.5,64.6,1016.4
2024-10-24,82.5,62.4,71.8,0.53,14.9,68.0,1009.2
2024-10-25,75.8,54.9,64.9,4.1,9.5,65.9,1005.9
2024-10-26,78.8,61.6,69.5,0.0,16.0,74.4,1017.8
2024-10-27,69.6,51.7,62.1,0.33,12.7,78.9,1013.3
2024-10-28,76.1,60.5,67.6,0.0,10.4,60.9,1010.5
2024-10-29,73.9,53.4,63.7,0.03,10.5,58.3,1009.1
2024-10-30,72.7,55.3,64.2,0.0,8.7,66.4,1011.6
2024-10-31,80.1,64.9,72.8,0.0,7.9,59.9,1012.1
2024-11-01,81.0,64.3,71.8,0.0,7.8,67.5,1013.7
2024-11-02,79.7,58.5,69.3,0.0,11.1,70.8,1013.9
2024-11-03,71.6,54.1,61.4,0.0,5.3,74.3,1012.4
2024-11-04,72.3,56.8,64.6,0.0,4.7,67.7,1012.0
2024-11-05,80.8,62.8,71.2,0.0,4.5,65.5,1014.1
2024-11-06,73.9,56.6,66.0,0.17,19.2,56.4,1012.7
2024-11-07,83.4,66.4,75.5,0.0,11.1,66.2,1013.7
2024-11-08,77.1,59.1,66.6,0.0,10.2,66.2,1019.6
2024-11-09,73.4,57.2,65.4,0.0,4.8,68.9,1017.0
2024-11-10,70.9,54.9,62.9,0.44,13.5,62.0,1005.6
2024-11-11,71.6,56.7,64.6,0.0,8.5,63.1,1017.1
2024-11-12,73.5,54.3,63.0,0.0,9.9,57.7,1017.4
2024-11-13,76.7,56.8,66.6,0.0,5.1,53.5,1013.3
2024-11-14,76.9,59.5,67.4,0.58,11.6,59.2,1006.0
2024-11-15,69.3,50.8,59.3,0.09,9.3,56.7,1012.0
2024-11-16,64.2,48.0,56.6,0.0,5.9,66.1,1015.0
2024-11-17,62.9,43.1,54.0,0.0,11.9,61.6,1010.5
2024-11-18,72.7,53.5,64.3,0.0,2.8,61.3,1009.2
2024-11-19,64.2,46.6,56.8,0.0,11.3,58.9,1014.6
2024-11-20,60.7,43.8,51.8,0.0,11.7,47.5,1014.1
2024-11-21,73.7,55.7,63.0,0.0,5.5,71.0,1013.3
2024-11-22,79.3,63.9,72.2,0.0,5.7,58.3,1014.7
2024-11-23,68.8,52.6,60.7,0.0,8.1,61.1,1010.6
2024-11-24,72.1,55.2,64.2,1.49,12.1,55.7,1010.3
2024-11-25,68.5,50.5,60.6,0.97,10.4,67.7,1014.1
2024-11-26,70.2,49.1,59.5,0.0,10.7,63.4,1013.6
2024-11-27,72.7,53.5,63.9,0.77,18.1,58.3,1005.3
2024-11-28,67.0,49.7,58.2,0.0,7.0,60.4,1013.1
2024-11-29,70.5,50.7,60.4,0.37,4.1,70.6,1007.7
2024-11-30,68.1,52.2,60.5,0.0,12.3,61.6,1016.1
2024-12-01,64.7,48.5,55.8,0.0,15.7,60.9,1016.3
2024-12-02,71.7,53.2,63.0,0.0,10.6,57.0,1008.4
2024-12-03,66.9,50.5,57.5,0.19,6.6,52.1,1015.0
2024-12-04,65.7,46.1,54.7,0.0,8.5,60.6,1010.6
2024-12-05,70.4,52.0,60.3,0.0,4.5,62.9,1021.2
2024-12-06,62.2,43.9,53.6,0.0,11.6,66.6,1014.8
2024-12-07,67.9,47.5,57.6,0.1,5.6,49.7,1007.0
2024-12-08,64.9,49.0,57.2,0.0,7.8,55.2,1010.4
2024-12-09,69.1,51.7,62.0,0.0,5.0,57.8,1016.4
2024-12-10,66.8,50.8,59.0,0.0,9.5,60.6,1013.4
2024-12-11,64.9,47.8,56.6,0.0,7.5,59.7,1014.6
2024-12-12,69.2,50.3,60.2,0.28,11.7,59.7,1018.5
2024-12-13,72.0,52.8,62.6,0.0,9.1,62.3,1012.2
2024-12-14,69.3,47.7,58.7,0.0,5.1,55.6,1015.2
2024-12-15,65.1,48.1,56.0,0.0,11.5,64.7,1020.7
2024-12-16,58.9,40.3,49.9,0.0,8.8,62.0,1016.1
2024-12-17,58.1,41.4,50.9,0.18,7.0,58.2,1005.6
2024-12-18,61.3,43.5,54.1,0.0,18.0,67.7,1017.0
2024-12-19,61.8,45.0,52.6,1.14,12.9,67.3,1007.3
2024-12-20,63.1,44.3,54.3,0.0,8.4,64.1,1020.6
2024-12-21,65.7,46.0,55.3,0.0,14.7,44.3,1011.7
2024-12-22,64.9,49.2,57.3,0.0,16.4,67.2,1026.9
2024-12-23,61.5,45.5,54.4,0.0,8.4,63.1,1020.9
2024-12-24,65.6,48.5,56.8,0.0,10.4,69.1,1011.8
2024-12-25,62.7,45.5,54.8,0.0,5.0,65.2,1015.1
2024-12-26,52.7,34.9,45.5,0.0,8.4,66.8,1018.0
2024-12-27,59.9,40.8,50.0,0.27,10.2,63.2,1015.1
2024-12-28,61.0,44.0,53.5,0.0,9.7,65.5,1016.8
2024-12-29,58.0,39.5,48.6,0.0,10.3,68.7,1020.0
2024-12-30,64.8,49.4,56.6,0.0,11.2,59.7,1014.5
2024-12-31,68.4,52.8,60.7,0.0,10.0,50.7,1013.5
2025-01-01,67.8,50.3,59.3,0.0,4.2,57.0,1013.6
2025-01-02,63.0,44.5,52.8,0.0,5.2,60.4,1018.4
2025-01-03,68.9,52.6,60.4,0.0,6.8,58.8,1016.5
2025-01-04,64.2,45.2,54.2,0.0,7.9,52.1,1016.2
2025-01-05,59.5,43.7,52.0,0.0,13.2,50.2,1018.2
2025-01-06,60.8,42.6,50.7,0.0,4.3,54.6,1006.8
2025-01-07,59.9,43.1,52.0,0.0,7.6,62.3,1016.2
2025-01-08,61.3,44.0,51.6,0.51,14.8,66.1,1012.9
2025-01-09,63.3,43.3,54.0,0.0,7.8,62.7,1021.7
2025-01-10,64.6,43.5,53.9,0.0,10.8,63.4,1008.9
2025-01-11,61.7,43.3,53.2,0.0,8.4,57.7,1021.2
2025-01-12,62.3,47.7,55.1,0.0,10.0,49.4,1015.3
2025-01-13,65.5,48.3,58.4,0.0,8.1,55.8,1017.0
2025-01-14,67.6,47.1,57.3,0.0,11.7,56.7,1021.7
2025-01-15,55.5,36.3,46.4,0.0,2.8,55.5,1017.2
2025-01-16,51.6,34.1,41.5,0.0,7.5,58.3,1016.6
2025-01-17,65.1,47.6,57.2,0.0,10.2,60.2,1016.0
2025-01-18,55.2,36.5,46.9,0.0,11.1,62.3,1013.1
2025-01-19,59.1,42.7,52.0,0.0,15.0,56.6,1014.9
2025-01-20,58.6,38.2,47.7,0.0,7.4,48.5,1012.1
2025-01-21,54.6,36.1,44.9,0.0,14.9,55.6,1014.8
2025-01-22,66.2,46.4,55.5,0.0,6.4,58.2,1005.7
2025-01-23,64.5,49.3,56.5,0.56,16.3,64.1,1013.7
2025-01-24,59.9,40.9,50.5,0.0,12.3,55.2,1014.5
2025-01-25,51.2,34.1,41.4,0.0,5.3,60.6,1013.7
2025-01-26,59.0,41.9,50.7,0.2,12.2,59.5,1012.9
2025-01-27,65.3,46.8,54.9,0.0,8.8,58.3,1009.3
2025-01-28,57.4,37.4,46.6,0.0,11.5,62.8,1022.7
2025-01-29,64.6,46.6,54.1,0.0,8.1,54.9,1014.6
2025-01-30,63.2,43.5,53.3,0.0,7.8,55.4,1014.4
2025-01-31,64.1,45.8,56.0,0.0,14.5,58.2,1011.1
2025-02-01,62.1,46.4,54.0,0.0,8.6,55.1,1015.1
2025-02-02,60.0,41.7,49.2,0.0,12.3,60.9,1020.5
2025-02-03,66.0,51.4,59.0,0.0,8.1,54.8,1019.1
2025-02-04,62.9,42.5,53.0,0.0,15.7,59.6,1018.4
2025-02-05,63.5,44.6,53.7,0.0,6.3,58.0,1017.2
2025-02-06,59.2,40.8,49.7,0.0,6.5,59.7,1013.6
2025-02-07,62.9,44.6,52.0,0.0,15.1,56.4,1009.2
2025-02-08,58.4,40.5,50.1,0.0,7.2,57.0,1014.2
2025-02-09,61.8,42.9,53.4,0.0,15.4,59.3,1014.1
2025-02-10,69.3,51.7,62.0,0.0,12.6,59.9,1019.2
2025-02-11,57.0,38.8,48.3,0.0,8.4,58.9,1016.2
2025-02-12,55.3,40.0,47.3,0.0,1.7,67.6,1021.4
2025-02-13,69.7,53.9,61.3,0.4,10.9,54.2,1016.8
2025-02-14,64.2,46.7,53.9,0.0,9.4,58.9,1013.2
2025-02-15,62.7,43.9,51.9,1.02,15.7,51.4,1004.8
2025-02-16,67.5,52.2,59.8,0.2,17.4,61.3,1017.5
2025-02-17,61.0,44.5,52.5,0.0,6.3,53.9,1020.4
2025-02-18,74.3,55.1,63.6,0.0,12.2,58.2,1009.5
2025-02-19,65.8,47.8,58.6,0.0,12.1,57.8,1021.0
2025-02-20,60.9,44.1,53.5,0.03,15.3,61.2,1013.5
2025-02-21,73.2,55.2,65.6,0.0,11.0,57.2,1015.6
2025-02-22,62.7,43.5,53.3,0.41,3.2,57.1,1018.5
2025-02-23,67.2,52.1,59.6,0.0,8.4,67.3,1020.4
2025-02-24,68.6,47.8,57.7,0.0,4.4,61.7,1017.6
2025-02-25,71.2,54.3,62.4,0.0,8.2,57.6,1016.9
2025-02-26,72.8,54.2,63.8,0.0,12.9,59.3,1017.5
2025-02-27,65.1,48.7,57.1,0.02,12.2,68.9,1010.4
2025-02-28,62.7,42.8,53.8,0.0,13.6,59.6,1014.8
2025-03-01,69.1,51.4,59.4,0.0,10.4,57.5,1011.4
2025-03-02,64.5,46.4,54.5,0.0,3.8,57.6,1013.7
2025-03-03,76.8,56.1,66.8,0.0,1.1,58.4,1013.5
2025-03-04,67.9,51.5,58.6,0.85,11.6,58.3,1009.5
2025-03-05,67.2,46.8,56.6,0.0,8.1,55.1,1015.5
2025-03-06,69.5,49.3,59.2,0.0,5.1,56.0,1013.7
2025-03-07,62.6,42.2,52.6,0.0,2.2,57.6,1017.0
2025-03-08,61.7,43.6,54.5,0.31,8.1,64.9,1005.5
2025-03-09,71.5,53.6,64.5,0.27,10.2,60.2,1011.5
2025-03-10,64.2,49.1,56.4,0.0,11.7,61.2,1015.5
2025-03-11,64.5,44.6,54.9,0.0,9.8,68.7,1013.8
2025-03-12,70.9,52.6,62.2,0.0,15.4,69.0,1014.3
2025-03-13,74.0,55.8,65.4,0.18,6.9,61.3,1005.7
2025-03-14,74.1,56.0,63.5,0.0,12.5,59.7,1016.4
2025-03-15,75.6,55.4,65.0,0.0,9.2,58.7,1017.6
2025-03-16,68.0,46.5,57.4,0.0,11.8,66.7,1017.0
2025-03-17,62.9,44.0,54.7,0.0,7.3,62.4,1019.2
2025-03-18,77.8,59.3,68.1,0.0,13.3,61.6,1015.8
2025-03-19,68.2,53.0,60.1,0.0,10.2,59.7,1016.9
2025-03-20,68.5,52.3,60.7,0.0,6.3,60.1,1015.6
2025-03-21,75.8,57.8,68.1,0.46,11.0,65.7,1014.8
2025-03-22,73.3,55.1,64.9,0.0,8.0,57.7,1008.7
2025-03-23,73.4,55.9,64.7,0.0,11.0,69.4,1011.4
2025-03-24,83.0,65.5,72.7,0.0,4.3,62.0,1021.3
2025-03-25,67.8,51.6,60.3,0.0,8.9,64.1,1005.2
2025-03-26,77.6,58.8,67.7,0.0,10.6,58.3,1014.4
2025-03-27,73.2,53.3,64.0,0.0,9.1,65.1,1019.7
2025-03-28,73.4,55.7,65.3,0.0,14.4,63.7,1014.6
2025-03-29,80.2,63.0,71.2,0.0,12.1,65.3,1013.4
2025-03-30,75.1,57.8,66.9,0.0,9.0,73.1,1015.5
2025-03-31,76.7,60.1,67.4,0.24,11.9,66.8,1010.6
2025-04-01,78.8,59.2,70.0,0.0,10.2,62.2,1015.1
2025-04-02,71.5,55.4,63.9,0.0,10.6,62.8,1012.3
2025-04-03,69.5,53.1,62.0,0.0,1.7,69.5,1019.4
2025-04-04,70.6,53.0,61.4,0.0,7.8,73.2,1020.7
2025-04-05,68.2,47.8,57.6,0.0,3.1,68.3,1014.5
2025-04-06,84.3,66.3,76.0,0.0,14.1,70.6,1009.5
2025-04-07,72.0,52.2,62.0,0.0,8.8,70.4,1012.9
2025-04-08,75.9,58.2,66.3,0.1,10.2,74.6,1011.3
2025-04-09,77.1,58.1,66.4,0.0,12.6,58.0,1017.0
2025-04-10,79.6,61.8,69.3,0.0,10.7,71.3,1011.0
2025-04-11,81.2,62.3,71.9,0.0,4.5,73.1,1011.9
2025-04-12,82.0,65.2,72.4,0.0,8.7,61.7,1017.0
2025-04-13,76.8,56.8,66.2,0.0,7.7,64.1,1018.8
2025-04-14,77.0,57.9,68.4,0.0,2.0,64.5,1012.5
2025-04-15,79.0,60.2,70.7,0.0,6.2,65.3,1009.7
2025-04-16,75.7,59.8,68.6,0.21,10.3,66.8,1025.1
2025-04-17,87.6,68.5,77.3,0.0,8.5,70.6,1018.1
2025-04-18,82.8,65.3,72.6,0.0,3.1,73.9,1013.9
2025-04-19,81.4,64.3,74.0,0.0,13.6,75.2,1018.5
2025-04-20,83.3,63.7,74.0,0.0,8.6,65.8,1014.5
2025-04-21,85.4,68.6,76.6,0.02,11.2,66.0,1015.5
2025-04-22,79.9,63.7,72.4,0.0,10.6,77.0,1015.6
2025-04-23,77.0,55.7,66.1,0.12,7.8,73.9,1012.4
2025-04-24,81.9,63.5,74.0,0.06,12.8,71.2,1011.5
2025-04-25,76.9,61.6,69.6,0.0,7.5,73.4,1009.2
2025-04-26,79.9,61.3,70.5,0.0,5.4,71.1,1022.8
2025-04-27,85.8,68.0,75.8,0.0,11.3,74.1,1011.2
2025-04-28,86.2,71.6,79.0,0.0,15.0,70.0,1009.6
2025-04-29,83.5,63.2,73.9,0.0,11.9,73.2,1014.1
2025-04-30,84.6,65.2,75.5,0.0,12.7,64.5,1011.2
2025-05-01,89.5,72.0,82.0,0.14,8.9,68.8,1011.8
2025-05-02,83.5,68.6,75.8,0.0,2.6,69.1,1017.8
2025-05-03,96.0,76.3,86.7,0.0,15.0,70.8,1019.0
2025-05-04,86.0,69.1,77.8,0.0,17.2,68.2,1018.3
2025-05-05,78.4,59.3,67.7,0.0,15.2,70.4,1013.8
2025-05-06,89.6,70.1,79.3,0.0,7.7,65.7,1015.2
2025-05-07,88.8,70.5,77.9,0.0,4.4,76.2,1016.6
2025-05-08,90.3,72.3,82.3,0.0,4.7,73.2,1008.0
2025-05-09,90.7,70.5,79.8,0.0,2.3,65.3,1017.3
2025-05-10,85.2,68.7,76.4,1.97,10.6,69.9,1006.2
2025-05-11,80.2,64.1,71.9,1.38,17.4,75.9,1020.2
2025-05-12,83.9,69.0,76.7,0.99,10.4,71.7,1010.4
2025-05-13,81.3,66.9,74.1,1.8,12.2,71.1,1011.3
2025-05-14,85.4,66.3,75.6,0.0,14.5,74.4,1011.9
2025-05-15,90.0,70.8,81.2,0.26,9.4,76.7,1009.5
2025-05-16,94.2,79.2,86.3,0.75,19.1,68.0,1021.1
2025-05-17,90.3,73.6,80.8,0.84,19.0,78.1,1015.8
2025-05-18,82.0,64.7,74.0,0.0,8.5,71.6,1008.8
2025-05-19,90.9,71.3,81.6,0.0,6.7,75.7,1021.0
2025-05-20,93.7,77.0,85.3,0.0,11.8,75.7,1019.8
2025-05-21,87.7,69.0,77.4,2.44,9.6,73.5,1010.9
2025-05-22,90.1,70.4,79.8,0.0,4.4,71.2,1016.2
2025-05-23,89.7,72.6,80.7,1.7,16.1,75.0,1011.9
2025-05-24,85.8,70.3,77.4,0.0,13.9,84.8,1022.9
2025-05-25,92.6,74.2,84.1,0.11,11.6,70.0,1008.8
2025-05-26,91.1,71.4,80.9,0.32,5.9,85.4,1012.6
2025-05-27,91.9,74.3,83.6,0.72,6.1,75.8,1010.3
2025-05-28,85.8,68.0,78.0,0.0,9.4,77.5,1009.3
2025-05-29,87.6,70.5,80.2,0.74,9.0,72.0,1020.8
2025-05-30,94.5,77.9,85.7,0.0,7.6,73.8,1010.3
2025-05-31,89.9,72.6,81.0,0.16,15.1,75.3,1012.9
2025-06-01,101.0,83.2,90.7,0.31,13.9,72.7,1005.0
2025-06-02,89.2,73.8,81.3,1.38,16.5,77.0,1010.4
2025-06-03,92.9,74.7,84.4,0.19,7.0,76.2,1013.7
2025-06-04,98.0,77.3,87.8,0.45,9.6,87.6,1008.7
2025-06-05,87.7,66.6,77.4,0.32,14.0,72.7,1014.3
2025-06-06,84.6,66.6,76.1,0.0,10.8,79.2,1013.9
2025-06-07,86.2,69.6,77.4,1.29,17.1,80.1,1016.6
2025-06-08,98.3,82.7,90.1,0.0,10.7,73.6,1020.4
2025-06-09,92.9,71.9,82.2,0.85,18.4,82.5,1009.7
2025-06-10,103.8,87.0,96.4,0.0,11.2,77.2,1015.3
2025-06-11,93.2,73.0,82.5,1.72,15.2,66.9,1012.7
2025-06-12,95.8,75.9,86.1,0.48,9.7,82.8,1014.5
2025-06-13,101.5,82.5,92.4,1.1,11.1,74.0,1012.1
2025-06-14,101.8,84.3,94.6,1.36,14.6,74.5,1012.8
2025-06-15,104.0,87.8,95.1,0.0,15.5,83.3,1014.0
2025-06-16,100.0,81.4,91.4,2.27,13.9,78.2,1012.5
2025-06-17,98.4,80.3,90.7,1.01,10.7,84.7,1017.2
2025-06-18,98.6,80.8,89.0,0.0,14.5,86.2,1017.6
2025-06-19,100.8,80.4,90.0,0.21,2.2,77.1,1014.8
2025-06-20,93.4,75.9,84.1,0.0,3.3,84.4,1017.9
2025-06-21,92.9,72.2,83.1,1.48,13.7,76.7,1011.4
2025-06-22,94.2,79.8,86.9,0.0,9.1,91.8,1016.3
2025-06-23,95.0,77.0,86.3,0.43,13.4,77.2,1007.7
2025-06-24,92.6,77.5,85.1,1.74,11.3,85.9,1017.1
2025-06-25,99.9,80.6,90.5,1.25,13.3,85.1,1000.9
2025-06-26,102.5,84.0,91.7,0.0,5.7,82.5,1014.7
2025-06-27,97.6,80.0,88.0,0.61,13.3,77.7,1016.6
2025-06-28,101.6,85.4,94.3,1.32,15.0,80.4,1006.5
2025-06-29,91.1,72.0,82.7,0.0,13.9,70.4,1016.6
2025-06-30,96.2,79.2,87.0,0.0,17.1,82.4,1012.3
2025-07-01,93.4,77.2,84.8,0.0,10.0,83.1,1013.5
2025-07-02,90.0,69.7,79.7,0.0,10.1,82.1,1018.8
2025-07-03,98.1,78.8,87.8,0.39,4.9,66.6,1012.8
2025-07-04,97.2,77.1,87.7,0.65,8.9,75.2,1003.9
2025-07-05,103.7,87.6,95.2,0.0,8.2,77.8,1011.1
2025-07-06,99.3,81.7,91.3,0.0,13.2,83.1,1018.9
2025-07-07,91.3,76.0,83.9,1.95,8.6,83.1,1013.8
2025-07-08,105.4,89.3,96.9,1.51,14.2,80.9,1019.0
2025-07-09,102.8,84.4,94.2,0.0,9.0,84.9,1021.7
2025-07-10,101.0,82.0,91.3,6.77,10.3,76.7,1010.6
2025-07-11,97.4,77.7,87.8,1.47,12.0,84.9,1022.0
2025-07-12,91.8,76.3,84.5,2.09,9.4,84.3,1012.1
2025-07-13,95.8,78.4,87.2,1.11,9.3,83.8,1008.1
2025-07-14,101.5,85.2,93.8,0.0,2.2,81.0,1012.5
2025-07-15,105.0,86.5,97.4,0.13,10.0,91.1,1003.0
2025-07-16,106.2,87.7,95.9,0.0,7.1,84.4,1021.4
2025-07-17,93.9,78.6,86.8,2.2,8.9,77.1,1018.4
2025-07-18,92.6,75.5,83.9,0.24,12.7,83.2,1007.9
2025-07-19,97.3,80.4,89.6,0.0,11.6,85.8,1014.1
2025-07-20,91.6,73.0,81.0,1.63,11.9,79.1,1012.4
2025-07-21,99.7,79.8,90.5,1.89,15.0,87.4,1008.2
2025-07-22,96.3,80.3,88.3,0.19,13.3,83.9,1005.0
2025-07-23,95.9,76.3,86.9,2.02,9.8,70.3,1011.2
2025-07-24,91.7,74.4,81.8,1.22,9.1,83.5,1010.7
2025-07-25,102.1,81.6,91.3,0.0,10.3,79.9,1013.4
2025-07-26,94.4,75.9,86.5,0.0,11.3,84.6,1015.9
2025-07-27,94.2,75.9,83.6,0.0,14.6,86.6,1020.7
2025-07-28,86.7,65.0,75.9,0.23,15.8,82.9,1010.8
2025-07-29,99.3,79.9,88.7,0.35,8.8,90.2,1012.7
2025-07-30,106.3,85.9,96.7,0.74,10.6,80.9,1014.9
2025-07-31,105.7,86.5,96.2,0.8,13.7,84.9,1014.2
2025-08-01,95.2,78.4,86.6,1.72,15.3,85.8,1009.5
2025-08-02,95.9,78.1,85.9,1.65,14.8,81.2,1012.4
2025-08-03,99.7,82.4,90.6,0.0,8.7,85.6,1017.2
2025-08-04,93.6,76.6,83.9,1.59,6.0,78.6,1007.5
2025-08-05,98.4,82.1,89.7,0.22,7.0,79.5,1017.1
2025-08-06,101.6,84.3,91.7,0.0,10.1,74.9,1020.7
2025-08-07,104.0,85.0,93.7,2.17,12.4,82.7,1009.1
2025-08-08,95.2,77.4,87.6,0.0,4.6,83.0,1015.8
2025-08-09,97.4,79.5,87.1,0.0,9.2,87.2,1017.6
2025-08-10,93.1,76.4,83.9,0.0,11.5,85.2,1012.8
2025-08-11,94.4,74.5,84.0,0.55,6.4,79.8,1013.9
2025-08-12,95.4,78.8,86.6,0.0,13.4,75.2,1015.7
2025-08-13,97.7,81.8,89.2,0.37,9.5,83.2,1006.1
2025-08-14,102.2,83.8,91.5,0.0,14.0,86.5,1016.8
2025-08-15,91.7,73.0,83.7,0.38,8.9,84.6,1007.6
2025-08-16,104.2,83.6,93.9,0.91,6.9,86.2,1015.8
2025-08-17,94.7,77.4,85.8,0.5,9.2,79.6,1009.3
2025-08-18,95.8,77.1,86.8,0.8,10.6,78.2,1011.4
2025-08-19,91.6,74.2,83.3,0.0,7.4,76.8,1020.5
2025-08-20,84.9,65.9,75.6,0.0,8.1,80.1,1017.0
2025-08-21,98.7,80.6,90.4,0.0,10.3,79.9,1010.7
2025-08-22,96.7,80.0,89.5,0.65,10.3,81.2,1007.9
2025-08-23,92.9,76.7,84.8,0.0,8.7,79.4,1012.6
2025-08-24,93.2,79.0,86.2,3.13,4.2,79.3,1013.6
2025-08-25,98.9,79.2,88.0,0.0,10.6,75.9,1016.4
2025-08-26,89.4,67.9,78.5,0.0,8.6,84.4,1011.6
2025-08-27,91.5,73.7,83.0,1.36,17.4,79.9,1007.3
2025-08-28,98.6,78.4,88.7,0.0,5.2,78.6,1016.1
2025-08-29,87.7,68.4,79.3,0.01,3.8,75.6,1011.3
2025-08-30,95.8,78.4,86.1,0.01,13.5,72.5,1020.6
2025-08-31,88.7,68.7,78.5,0.65,12.4,85.6,1012.1
2025-09-01,97.2,76.8,86.5,0.7,7.0,81.7,1019.3
2025-09-02,92.6,73.1,84.0,0.0,2.9,70.6,1010.3
2025-09-03,86.8,65.7,76.7,1.22,17.1,82.4,1005.7
2025-09-04,97.0,79.2,89.0,0.37,16.7,83.1,1007.5
2025-09-05,91.2,72.2,80.2,0.86,2.9,79.0,1016.8
2025-09-06,86.7,69.4,79.6,0.0,7.2,86.2,1022.0
2025-09-07,93.4,76.5,83.9,0.0,15.7,79.1,1011.9
2025-09-08,97.6,77.9,88.0,0.0,7.1,70.8,1013.2
2025-09-09,87.8,67.4,78.0,0.0,7.0,79.5,1010.3
2025-09-10,90.1,74.1,82.6,0.8,9.9,78.8,1004.8
2025-09-11,94.8,74.5,84.0,0.23,6.5,74.4,1014.9
2025-09-12,92.7,76.3,85.0,0.75,4.2,80.1,1012.9
2025-09-13,91.9,73.6,82.4,0.18,15.2,68.7,1012.0
2025-09-14,87.6,71.5,79.7,0.0,1.6,81.9,1009.4
2025-09-15,85.6,67.3,77.4,1.47,12.0,72.3,1018.6
2025-09-16,90.4,70.5,81.2,0.0,12.5,71.6,1013.0
2025-09-17,84.4,65.0,75.8,0.66,5.2,75.8,1014.1
2025-09-18,74.8,59.5,67.2,0.08,7.3,78.4,1006.2
2025-09-19,89.7,71.5,82.0,0.96,15.9,76.9,1011.2
2025-09-20,92.5,73.9,83.8,0.0,11.1,72.1,1016.2
2025-09-21,78.9,60.9,68.9,0.0,6.5,73.1,1016.3
2025-09-22,85.3,67.4,74.7,0.0,13.8,69.8,1015.6
2025-09-23,89.1,73.7,81.7,2.71,15.8,74.2,1014.0
2025-09-24,96.5,77.3,87.9,0.0,10.1,80.5,1010.5
2025-09-25,85.9,69.0,78.5,0.92,7.4,74.9,1012.8
2025-09-26,81.9,65.0,74.8,0.54,9.3,79.0,1012.5
2025-09-27,86.7,69.0,77.0,0.0,10.1,81.8,1015.9
2025-09-28,93.1,73.9,83.7,1.58,10.2,71.4,1012.3
2025-09-29,82.0,67.2,74.3,0.0,12.8,73.2,1009.9
2025-09-30,81.3,64.9,73.4,1.95,4.9,84.8,1006.7
2025-10-01,81.6,65.0,74.5,0.59,5.0,81.0,1003.1
2025-10-02,82.4,64.5,72.1,0.0,9.7,65.2,1018.3
2025-10-03,87.5,66.3,76.6,1.82,9.0,75.3,1015.3
2025-10-04,90.6,75.2,83.1,0.0,6.5,73.2,1018.4
2025-10-05,84.9,67.3,76.9,1.27,3.9,77.1,1013.2
2025-10-06,84.5,65.4,74.0,0.0,9.1,69.1,1006.5
2025-10-07,84.3,64.2,73.6,0.37,10.8,68.4,1007.9
2025-10-08,76.2,60.1,67.5,0.37,13.6,69.0,1012.7
2025-10-09,85.4,71.2,78.2,1.36,11.3,69.3,1012.5
2025-10-10,80.8,63.0,73.6,0.27,10.5,76.1,1011.1
2025-10-11,82.1,64.8,72.8,0.0,13.7,65.9,1016.5
2025-10-12,96.3,77.4,87.7,1.32,5.8,68.5,1012.0
2025-10-13,81.5,63.4,74.4,0.2,13.1,62.4,1012.5
2025-10-14,78.7,61.5,69.4,0.12,4.3,76.2,1009.4
2025-10-15,77.6,62.5,70.5,0.28,7.6,77.3,1015.9
2025-10-16,87.4,67.6,77.3,0.0,4.1,69.1,1013.3
2025-10-17,80.5,61.5,72.3,0.0,12.1,69.1,1009.7
2025-10-18,72.2,54.4,65.0,0.05,10.7,72.6,1008.9
2025-10-19,84.7,66.3,75.3,0.0,8.9,77.5,1013.6
2025-10-20,76.5,57.7,67.9,1.32,6.6,72.0,1016.0
2025-10-21,89.9,71.5,79.0,0.41,9.8,66.2,1011.8
2025-10-22,84.3,64.2,75.1,0.0,5.9,61.4,1014.3
2025-10-23,76.0,57.1,67.9,0.62,12.5,63.7,1007.0
2025-10-24,85.2,67.8,75.4,0.0,5.0,69.5,1018.1
2025-10-25,77.7,61.4,69.6,0.0,14.3,65.6,1012.4
2025-10-26,83.5,65.5,72.9,0.22,4.3,69.7,1011.6
2025-10-27,79.4,62.8,70.9,0.0,5.8,65.7,1020.9
2025-10-28,73.8,54.3,64.6,0.0,15.7,63.0,1017.0
2025-10-29,72.4,56.7,65.2,0.0,7.3,62.2,1008.5
2025-10-30,81.1,65.1,72.4,0.0,3.7,75.7,1007.9
2025-10-31,76.3,57.6,66.0,0.0,9.9,72.1,1014.7
2025-11-01,75.6,54.5,65.4,0.0,7.1,76.1,1010.1
2025-11-02,70.5,53.1,62.6,0.0,5.7,70.0,1017.6
2025-11-03,76.4,59.8,68.5,0.01,6.6,64.9,1012.2
2025-11-04,85.8,67.9,75.6,0.0,20.1,73.5,1015.7
2025-11-05,71.9,50.2,61.2,0.0,8.0,66.5,1012.2
2025-11-06,73.2,55.5,65.8,0.59,3.3,67.6,1019.0
2025-11-07,80.6,63.6,71.8,1.08,17.0,66.1,1023.4
2025-11-08,73.1,57.5,64.8,0.0,11.4,51.3,1013.9
2025-11-09,77.3,59.6,66.9,0.0,5.9,73.9,1016.4
2025-11-10,67.1,52.3,59.7,0.0,5.3,68.1,1015.4
2025-11-11,74.0,56.8,66.2,0.0,11.7,67.1,1014.0
2025-11-12,73.1,52.4,63.1,0.22,10.0,65.0,1008.7
2025-11-13,75.3,59.1,68.1,0.0,1.3,65.9,1010.7
2025-11-14,77.7,58.4,68.7,0.0,16.1,61.9,1010.5
2025-11-15,83.5,66.0,74.8,0.0,7.3,67.8,1016.6
2025-11-16,73.8,55.6,65.4,0.0,15.0,58.0,1012.9
2025-11-17,72.6,54.1,64.0,0.0,14.1,65.3,1004.7
2025-11-18,72.3,55.5,63.2,1.35,7.0,67.0,1013.8
2025-11-19,68.1,52.0,60.4,0.74,15.1,63.0,1011.8
2025-11-20,72.6,53.7,63.3,0.11,8.4,65.7,1017.4
2025-11-21,70.4,52.9,60.2,0.0,1.5,58.7,1016.5
2025-11-22,72.0,53.5,62.0,0.0,7.3,58.7,1009.1
2025-11-23,74.5,57.8,66.9,0.0,10.6,64.5,1006.1
2025-11-24,63.8,45.2,56.2,0.0,7.1,66.5,1012.1
2025-11-25,73.7,56.7,65.6,0.0,7.8,53.6,1012.5
2025-11-26,74.6,55.9,66.1,0.0,13.6,65.4,1018.8
2025-11-27,68.1,50.7,59.4,0.0,9.4,59.9,1015.0
2025-11-28,59.9,40.0,50.2,0.0,7.6,61.5,1016.5
2025-11-29,64.0,47.4,56.7,0.0,11.8,55.6,1009.7
2025-11-30,72.2,54.5,65.1,0.0,9.8,57.9,1018.9
2025-12-01,67.5,50.3,58.9,0.0,1.1,66.8,1017.9
2025-12-02,64.1,44.9,54.3,0.0,10.7,62.0,1006.9
2025-12-03,64.1,46.8,56.3,0.0,10.6,59.8,1020.3
2025-12-04,71.7,53.4,62.1,0.0,9.1,61.0,1015.4
2025-12-05,68.6,53.0,60.6,0.0,12.6,63.9,1016.6
2025-12-06,67.4,49.5,56.8,0.0,6.3,63.5,1011.5
2025-12-07,66.6,49.0,56.0,0.0,10.3,60.8,1020.1
2025-12-08,63.9,45.2,55.7,0.0,2.7,66.5,1010.3
2025-12-09,61.1,45.2,53.1,0.0,10.6,65.7,1018.3
2025-12-10,73.0,56.5,64.4,0.0,16.8,62.8,1018.3
2025-12-11,63.4,45.5,55.4,0.0,5.0,60.9,1011.1
2025-12-12,71.9,53.9,62.2,0.0,6.0,63.8,1022.9
2025-12-13,73.7,54.3,63.4,0.0,6.2,61.9,1015.9
2025-12-14,70.5,53.2,60.8,0.0,9.5,65.5,1017.6
2025-12-15,64.5,43.4,54.2,0.0,4.7,64.6,1008.9
2025-12-16,66.4,47.4,57.8,0.17,12.7,54.9,1020.5
2025-12-17,63.3,45.2,55.7,0.22,14.4,54.4,1007.1
2025-12-18,61.5,43.0,51.6,0.0,11.1,56.3,1019.1
2025-12-19,65.4,46.9,56.9,0.0,1.9,64.5,1011.0
2025-12-20,59.7,42.5,50.0,0.0,13.0,51.7,1012.5
2025-12-21,68.6,53.5,60.5,0.0,12.7,61.4,1018.2
2025-12-22,60.3,45.9,52.9,0.28,14.3,61.2,1016.1
2025-12-23,66.8,46.5,55.8,0.0,10.5,65.1,1009.9
2025-12-24,63.7,47.2,56.0,0.0,9.9,60.1,1019.4
2025-12-25,64.4,44.4,53.5,0.0,13.1,52.4,1019.2
2025-12-26,68.1,50.1,57.1,0.0,16.7,54.2,1011.2
2025-12-27,62.4,43.6,52.2,0.0,5.2,53.0,1021.4
2025-12-28,67.8,48.3,58.2,0.22,15.3,56.2,1006.2
2025-12-29,57.4,39.3,48.1,0.0,8.7,57.9,1012.5
2025-12-30,65.1,44.7,54.6,0.0,8.5,52.9,1016.9
2025-12-31,70.8,54.7,62.7,0.0,2.9,66.0,1011.6
2026-01-01,58.2,39.1,49.3,0.0,7.9,51.9,1016.1
2026-01-02,60.2,41.3,50.7,0.0,5.0,65.2,1016.0
2026-01-03,64.6,48.1,56.0,0.0,7.1,64.4,1014.3
2026-01-04,63.1,46.4,54.4,0.0,4.6,62.9,1018.3
2026-01-05,63.4,45.6,55.1,0.0,7.2,54.9,1014.1
2026-01-06,64.9,45.3,55.6,0.0,7.4,60.0,1015.9
2026-01-07,66.6,47.6,56.2,0.0,9.4,51.9,1019.6
2026-01-08,66.1,50.3,58.3,0.0,2.5,62.8,1018.2
2026-01-09,65.8,44.6,55.1,0.0,3.2,57.8,1018.1
2026-01-10,61.9,42.4,52.1,0.0,10.4,56.1,1010.4
2026-01-11,66.5,47.4,56.2,0.03,7.8,52.0,1014.1
2026-01-12,70.9,52.7,61.7,0.95,15.3,45.7,1008.5
2026-01-13,62.6,44.7,52.5,0.0,9.9,52.9,1009.9
2026-01-14,55.7,39.2,48.7,0.0,11.4,63.6,1014.7
2026-01-15,68.3,49.6,58.0,0.0,14.6,56.0,1011.4
2026-01-16,59.6,41.5,52.5,0.0,7.8,57.2,1018.2
2026-01-17,53.8,34.3,43.2,0.35,8.7,61.3,1015.3
2026-01-18,67.8,47.9,56.8,0.0,12.5,67.0,1007.4
2026-01-19,58.8,41.3,50.6,0.0,11.0,64.6,1011.7
2026-01-20,60.4,41.9,52.6,0.0,8.3,53.1,1009.2
2026-01-21,64.6,44.3,54.5,0.07,16.6,48.3,1010.1
2026-01-22,61.9,45.1,53.9,0.0,8.2,69.8,1016.8
2026-01-23,66.7,46.4,56.2,0.0,9.1,69.4,1014.0
2026-01-24,58.5,41.8,51.1,0.0,9.1,59.0,1012.6
2026-01-25,62.9,46.4,55.4,0.0,5.3,51.7,1020.2
2026-01-26,62.9,44.2,52.0,0.0,9.3,62.9,1005.8
2026-01-27,66.2,47.7,56.5,0.0,14.6,57.6,1019.9
2026-01-28,66.4,48.0,56.0,0.0,10.8,57.6,1012.8
2026-01-29,57.4,38.4,49.1,0.22,11.1,62.7,1011.7
2026-01-30,67.9,49.9,58.2,0.0,8.4,59.9,1012.9
2026-01-31,60.4,40.2,51.0,0.0,10.3,52.3,1021.2
2026-02-01,66.5,48.0,57.1,1.02,14.0,56.7,1007.1
2026-02-02,64.9,45.7,55.2,0.46,13.4,61.7,1012.0
2026-02-03,71.2,52.7,61.9,0.0,7.7,61.0,1017.1
2026-02-04,61.4,45.2,52.7,0.0,10.3,59.8,1008.6
2026-02-05,60.3,43.7,52.2,0.0,10.9,63.2,1011.3
2026-02-06,63.9,46.4,53.8,0.0,5.0,56.8,1014.4
2026-02-07,60.5,43.1,52.6,0.25,11.7,59.5,1008.5
2026-02-08,67.5,48.9,57.7,0.42,2.4,41.8,1008.7
2026-02-09,54.9,36.8,46.9,0.0,10.9,56.5,1013.6
2026-02-10,59.1,41.7,49.6,0.63,13.6,62.7,1014.6
2026-02-11,59.6,42.0,49.6,0.0,12.0,57.0,1013.6
2026-02-12,66.7,50.2,58.8,0.0,7.4,56.7,1019.3
2026-02-13,69.6,51.7,62.4,0.0,10.2,53.9,1011.0
2026-02-14,61.9,44.5,54.3,0.0,14.7,64.2,1010.0
2026-02-15,63.6,45.5,54.2,0.15,16.7,62.0,1019.7
2026-02-16,65.8,46.3,55.4,0.0,8.9,63.5,1012.4
2026-02-17,67.6,53.1,60.5,0.78,11.6,50.9,1006.8
2026-02-18,61.2,40.3,51.2,0.0,13.4,58.8,1008.0
2026-02-19,65.0,47.0,56.6,0.0,3.0,58.3,1019.3
2026-02-20,69.0,52.0,60.1,0.0,7.7,58.4,1013.6
2026-02-21,68.8,48.8,58.1,0.0,14.3,56.8,1014.0
2026-02-22,65.2,49.5,56.9,0.02,14.9,58.3,1011.4
2026-02-23,69.6,49.9,60.7,0.0,10.5,64.4,1019.1
2026-02-24,51.3,36.5,44.2,0.0,3.0,50.7,1014.3
2026-02-25,67.0,50.0,59.6,0.0,8.8,69.3,1024.4
2026-02-26,61.9,45.8,53.8,0.44,8.6,62.9,1012.5
2026-02-27,55.8,38.9,48.7,0.0,10.3,60.4,1019.2
2026-02-28,69.0,49.4,59.5,0.02,7.8,65.3,1015.2
2026-03-01,72.2,53.8,63.5,0.0,4.9,53.6,1014.9
2026-03-02,66.1,47.5,56.9,0.0,0.7,57.7,1012.7
2026-03-03,69.8,51.5,62.1,0.0,13.9,60.6,1016.3
2026-03-04,73.4,57.9,65.2,0.0,7.4,68.1,1017.0
2026-03-05,73.8,55.8,64.1,0.0,9.6,61.2,1012.7
2026-03-06,76.7,57.8,65.8,0.0,9.0,63.9,1015.7
2026-03-07,69.2,51.0,62.0,0.0,4.7,58.8,1019.9
2026-03-08,69.8,50.6,59.2,0.0,4.0,64.3,1023.3
2026-03-09,61.2,42.0,51.9,0.18,7.0,70.5,1015.4
2026-03-10,67.5,48.5,58.2,0.0,6.1,67.2,1022.5
2026-03-11,64.8,47.9,55.8,0.0,10.5,62.0,1012.5
2026-03-12,76.9,61.6,69.6,0.0,5.8,65.9,1017.8
2026-03-13,66.6,51.1,59.3,0.0,16.0,65.6,1020.4
2026-03-14,70.3,52.2,60.9,0.0,13.1,65.4,1011.4
2026-03-15,71.4,55.1,63.0,0.0,12.2,68.6,1013.1
2026-03-16,71.7,53.9,61.0,0.11,10.5,68.7,1019.0
2026-03-17,77.3,58.2,68.7,0.0,15.1,62.7,1011.1
2026-03-18,66.1,47.7,58.5,0.0,8.1,66.8,1009.6
2026-03-19,72.3,54.1,62.5,0.0,8.9,61.8,1021.1
2026-03-20,66.7,50.2,58.5,0.0,9.7,59.3,1019.8
2026-03-21,65.3,49.1,56.2,0.0,11.8,62.7,1016.7
2026-03-22,69.4,49.9,59.6,0.0,11.5,63.9,1014.8
2026-03-23,73.1,52.2,62.5,0.52,9.1,56.1,1010.2
2026-03-24,71.2,53.4,61.0,0.0,6.9,68.9,1016.1
2026-03-25,69.8,52.5,60.1,0.0,11.6,51.0,1021.3
2026-03-26,66.9,47.0,57.2,0.0,11.9,78.6,1016.0
2026-03-27,74.2,53.9,63.4,0.0,7.4,72.7,1023.7
2026-03-28,65.5,50.1,57.3,0.0,2.7,64.1,1011.4
2026-03-29,74.8,58.3,67.8,0.24,10.2,65.6,1011.9
2026-03-30,73.1,56.8,65.0,0.0,11.5,67.3,1013.5
2026-03-31,66.2,49.9,58.4,0.47,18.2,63.0,1007.7
2026-04-01,73.5,53.8,63.8,0.0,4.2,67.1,1014.4
2026-04-02,71.7,51.9,62.1,0.0,7.3,65.6,1016.7
2026-04-03,76.6,58.6,67.2,0.0,7.4,66.1,1017.1
2026-04-04,79.2,61.4,72.1,0.0,14.4,67.6,1023.7
2026-04-05,67.9,49.3,58.0,1.42,10.9,60.4,1013.9
2026-04-06,75.5,57.1,67.2,0.0,5.4,67.3,1019.6
2026-04-07,75.9,57.4,66.3,0.0,11.2,68.2,1015.3
2026-04-08,79.6,59.7,70.3,0.0,7.4,68.2,1021.7
2026-04-09,76.9,57.9,68.6,0.0,4.1,66.7,1024.6
2026-04-10,72.1,57.2,64.5,0.0,5.4,73.6,1017.1
2026-04-11,74.2,56.0,66.8,0.0,15.9,66.4,1011.0
2026-04-12,75.3,54.6,64.9,0.03,12.5,69.5,1009.8
2026-04-13,84.4,63.5,73.7,0.0,9.4,75.0,1016.1
2026-04-14,78.8,61.4,69.2,0.47,10.0,68.4,1013.8
2026-04-15,85.4,67.8,78.0,0.0,10.2,70.0,1017.8
2026-04-16,78.1,59.1,69.5,0.0,10.1,68.7,1016.8
2026-04-17,76.8,58.7,66.9,0.32,12.2,75.6,1012.0
2026-04-18,73.7,52.8,63.6,0.72,11.5,68.3,1009.5
2026-04-19,70.0,55.4,62.6,0.0,12.5,76.2,1016.6
2026-04-20,70.9,56.3,63.9,0.0,9.1,69.5,1022.4
2026-04-21,82.4,63.4,72.5,0.06,7.1,65.9,1016.1
2026-04-22,82.3,64.6,73.9,0.42,8.6,73.8,1014.1
2026-04-23,72.8,55.2,64.8,0.0,1.1,69.1,1019.1
2026-04-24,83.3,69.2,76.3,0.0,17.1,73.9,1013.5
2026-04-25,79.5,59.5,70.4,0.0,12.5,57.4,1013.0
2026-04-26,83.9,66.3,73.5,0.08,7.7,71.3,1009.0
2026-04-27,91.2,72.8,80.4,0.0,7.9,69.1,1014.5
2026-04-28,86.8,70.4,77.5,0.01,8.5,66.3,1010.3
2026-04-29,81.6,63.3,72.6,0.2,17.2,69.1,1016.8
2026-04-30,77.4,59.3,70.1,0.0,3.3,69.2,1013.1
2026-05-01,73.9,55.0,64.7,0.0,9.5,72.0,1011.8
2026-05-02,80.0,61.2,71.5,0.0,8.6,65.6,1022.8
2026-05-03,83.5,67.0,74.0,0.0,12.3,74.2,1013.2
2026-05-04,79.4,61.7,70.9,0.0,8.6,79.7,1015.6
2026-05-05,83.0,66.2,75.0,0.0,2.0,74.5,1016.8
2026-05-06,83.6,67.2,76.2,0.0,8.0,77.3,1010.5
2026-05-07,83.4,67.9,75.2,0.0,5.1,78.9,1019.9
2026-05-08,80.9,63.8,73.6,0.0,9.3,79.8,1017.5
2026-05-09,85.2,68.5,77.5,0.0,14.7,83.2,1021.2
2026-05-10,90.0,69.0,79.1,0.0,2.0,71.6,1012.3
